sample	taxon	contig_p	bin_p
ERR1135212	d__Bacteria	61.51684063253451	16.74835000886618
ERR1135212	d__Archaea	28.163587004115946	0.0
ERR1135219	d__Bacteria	60.674232925012596	15.41330418287625
ERR1135219	d__Archaea	33.2890365448505	0.0
ERR1135259	d__Bacteria	60.01008946188542	13.50853574445602
ERR1135259	d__Archaea	59.272651050673375	43.11691033904522
ERR1135262	d__Bacteria	64.54897332235335	18.356724588198446
ERR1135262	d__Archaea	17.595267574631997	0.0
ERR1135273	d__Bacteria	77.12971753601727	21.806468577438864
ERR1135273	d__Archaea	37.29641693811075	0.0
ERR1135298	d__Bacteria	53.680209612035746	15.839108310257217
ERR1135298	d__Archaea	59.43176525384257	22.602967595981102
ERR1135314	d__Bacteria	52.49648479301911	12.230965389510999
ERR1135314	d__Archaea	9.759547383309759	0.4352083560004352
ERR1135319	d__Bacteria	53.36395268698594	17.744480047258886
ERR1135319	d__Archaea	69.69707272294563	27.902628089620237
ERR1135340	d__Bacteria	56.512057431396975	14.985591353784915
ERR1135340	d__Archaea	16.432291666666668	0.0
ERR1135348	d__Bacteria	55.988980237133475	15.447479263570706
ERR1135348	d__Archaea	11.955726308086351	0.34760336626417854
ERR1135356	d__Bacteria	53.283439747079264	13.27446609924839
ERR1135356	d__Archaea	25.748890532544376	0.0
ERR1135361	d__Bacteria	47.880696544128526	7.110098026860127
ERR1135361	d__Archaea	4.176755447941889	0.0
ERR1135363	d__Bacteria	53.866370172971266	12.888062182872883
ERR1135363	d__Archaea	37.33370873513057	0.5771802632505103
ERR1135365	d__Bacteria	50.75180616439968	8.843735217861722
ERR1135365	d__Archaea	35.105162523900574	0.09177820267686425
ERR1135371	d__Bacteria	50.92125599855688	15.865488948863094
ERR1135371	d__Archaea	16.242326657945053	0.04025359766529134
ERR1135378	d__Bacteria	57.884830856013735	17.461420005341143
ERR1135378	d__Archaea	78.8267707496269	0.67730455745609
ERR1135387	d__Bacteria	56.021991587937904	16.04464309418248
ERR1135387	d__Archaea	75.24783800885889	0.16522533923926033
ERR1135395	d__Bacteria	26.465535418204123	0.978780705201315
ERR1135395	d__Archaea	40.43140205668422	0.0
ERR1135396	d__Bacteria	53.823169176091966	10.575259013996309
ERR1135396	d__Archaea	58.64312267657993	0.0
ERR1135402	d__Bacteria	51.69373564975316	23.828597074338344
ERR1135402	d__Archaea	49.946120689655174	0.0
ERR1135425	d__Bacteria	53.69738752449689	14.497732888959721
ERR1135425	d__Archaea	83.35167200880257	0.0
ERR1135428	d__Bacteria	34.41240702022559	6.004230556770177
ERR1135428	d__Archaea	9.966246224906733	0.0
ERR1135431	d__Bacteria	55.795223956179015	19.58894511562873
ERR1135431	d__Archaea	64.93910339466183	0.0
ERR1135439	d__Bacteria	48.76138580369709	17.225360481073757
ERR1135439	d__Archaea	18.69943062631106	0.11986814504045551
ERR1135443	d__Bacteria	55.29461701023867	19.932565714366994
ERR1135443	d__Archaea	72.68203439443835	0.0
ERR1135447	d__Bacteria	51.66752566871862	19.87460500383173
ERR1135447	d__Archaea	73.71244635193133	0.0
ERR1135452	d__Bacteria	48.43608349140583	20.031238281093557
ERR1135452	d__Archaea	58.577821979114866	0.0
ERR1135458	d__Bacteria	54.689155034450934	11.219320140250788
ERR1135458	d__Archaea	25.91557170813531	0.0
ERR1135460	d__Bacteria	50.509090781901676	16.219651798594224
ERR1135460	d__Archaea	80.7393614605568	0.0
ERR1135461	d__Bacteria	53.9411698420387	11.634551344151125
ERR1135461	d__Archaea	57.5486807721487	0.0
ERR3211744	d__Bacteria	48.081906578673525	10.24274181171258
ERR3211744	d__Archaea	21.31051915224577	0.0
ERR3211745	d__Bacteria	50.72707858078921	9.497784649946956
ERR3211745	d__Archaea	25.523012552301257	0.0
ERR3211746	d__Bacteria	55.092844081262804	11.953403971592117
ERR3211746	d__Archaea	42.79224376731302	0.0
ERR3211750	d__Bacteria	57.828234897261645	8.007157880371714
ERR3211750	d__Archaea	11.448598130841122	0.0
ERR3211754	d__Bacteria	57.32710133929159	7.92955094071809
ERR3211754	d__Archaea	12.971926427879962	0.0
ERR3211755	d__Bacteria	41.8899861564881	9.709646902595127
ERR3211755	d__Archaea	5.8987741230731885	0.0
ERR3211756	d__Bacteria	54.01639294413852	11.583358556006262
ERR3211756	d__Archaea	35.32232285562067	0.0
ERR3211757	d__Bacteria	46.508208609827925	2.9540824899695473
ERR3211757	d__Archaea	21.26351099515468	0.0
ERR3211760	d__Bacteria	46.10073808797369	4.856564403608134
ERR3211760	d__Archaea	9.01639344262295	0.0
ERR3211763	d__Bacteria	55.78383487500438	12.750362906101294
ERR3211763	d__Archaea	34.51910408432148	0.0
ERR3211766	d__Bacteria	37.00733904347573	4.5722259450901435
ERR3211766	d__Archaea	3.0227329502872844	0.0
ERR3211772	d__Bacteria	26.71170788816623	4.999111133888862
ERR3211772	d__Archaea	6.962647444298821	0.0
ERR3211773	d__Bacteria	45.486755336246745	9.632206713516203
ERR3211773	d__Archaea	45.993632263199785	0.0
ERR3211774	d__Bacteria	46.00750568101052	4.72082312258078
ERR3211774	d__Archaea	37.80470817662627	0.0
ERR3211780	d__Bacteria	50.459666715480836	5.179415299288941
ERR3211780	d__Archaea	14.98913830557567	0.0
ERR3211781	d__Bacteria	38.131269678657425	11.46151102460637
ERR3211781	d__Archaea	13.417498532002348	0.0
ERR3211787	d__Bacteria	38.1037264021526	1.9907972113963845
ERR3211787	d__Archaea	27.400068329347455	0.0
ERR3211790	d__Bacteria	35.25507652208118	6.941877302038546
ERR3211790	d__Archaea	9.144063667370473	0.0
ERR3211792	d__Bacteria	36.53688689353923	4.168355439160159
ERR3211792	d__Archaea	5.949656750572083	0.0
ERR3211794	d__Bacteria	52.779632766276855	7.542583235983937
ERR3211794	d__Archaea	21.92999419841423	0.0
ERR3211803	d__Bacteria	47.36381310979403	6.628393924764808
ERR3211803	d__Archaea	17.87538304392237	0.0
ERR3211807	d__Bacteria	57.819969392081084	7.342542190611212
ERR3211807	d__Archaea	27.51736111111111	0.0
ERR3211812	d__Bacteria	56.7673114584488	13.237630713520304
ERR3211812	d__Archaea	12.101910828025478	0.0
ERR3211815	d__Bacteria	48.55909238525712	5.868510858049437
ERR3211815	d__Archaea	20.734219891365424	0.0
ERR3211816	d__Bacteria	53.207155165989086	13.16561290051099
ERR3211816	d__Archaea	38.30863751355258	0.0
ERR3211817	d__Bacteria	47.77214712393485	11.003840112791718
ERR3211817	d__Archaea	25.955226392863157	0.0
ERR3211818	d__Bacteria	51.25355582341909	8.285548313988397
ERR3211818	d__Archaea	28.12756863389775	0.0
ERR3211819	d__Bacteria	55.289640166362354	15.665682934890981
ERR3211819	d__Archaea	40.49338815423936	0.0
ERR3211820	d__Bacteria	48.41859520582277	6.859496406704048
ERR3211820	d__Archaea	21.408507223113965	0.0
ERR3211825	d__Bacteria	58.625212465357194	4.221385061776477
ERR3211825	d__Archaea	14.846107423053711	0.0
ERR3211826	d__Bacteria	53.61214363881144	6.1076395581978815
ERR3211826	d__Archaea	19.57831325301205	0.0
ERR3211827	d__Bacteria	56.262729549497735	7.648229526231074
ERR3211827	d__Archaea	21.55059132720105	0.0
ERR3211828	d__Bacteria	59.772036135963646	9.739333030813485
ERR3211828	d__Archaea	25.529767911200807	0.0
ERR3211831	d__Bacteria	60.37206706890503	10.006722208659271
ERR3211831	d__Archaea	23.974255832662912	0.0
ERR3211835	d__Bacteria	57.753265138295305	5.838384304376817
ERR3211835	d__Archaea	15.214285714285714	0.0
ERR3211836	d__Bacteria	57.42042084002149	6.302376384065651
ERR3211836	d__Archaea	16.85126582278481	0.0
ERR3211837	d__Bacteria	53.20003357486488	6.123970472981193
ERR3211837	d__Archaea	37.262458471760795	0.0
ERR3211839	d__Bacteria	53.11686048980177	10.163330702824211
ERR3211839	d__Archaea	30.372450487732785	0.0
ERR3211840	d__Bacteria	53.0161719627252	10.556155838710794
ERR3211840	d__Archaea	29.049295774647888	0.0
ERR3211843	d__Bacteria	46.97609546854073	7.056539016090095
ERR3211843	d__Archaea	22.494390426327598	0.0
ERR3211844	d__Bacteria	46.99650788397041	10.575783666170187
ERR3211844	d__Archaea	21.51073619631902	0.0
ERR3211845	d__Bacteria	46.20087142567683	12.445596651363202
ERR3211845	d__Archaea	8.909818303050509	0.0
ERR3211846	d__Bacteria	43.911481461689476	1.7840545036754238
ERR3211846	d__Archaea	15.097560975609756	0.0
ERR3211847	d__Bacteria	50.73250416847569	6.06564113086396
ERR3211847	d__Archaea	31.88447653429603	0.0
ERR3211849	d__Bacteria	54.00468767483968	1.7165361071871923
ERR3211849	d__Archaea	12.781065088757396	0.0
ERR3211854	d__Bacteria	57.16428385706741	5.341758751154999
ERR3211854	d__Archaea	17.41424802110818	0.0
ERR3211855	d__Bacteria	54.17848083708321	7.123922437528016
ERR3211855	d__Archaea	14.35483870967742	0.0
ERR3211858	d__Bacteria	41.76443995487254	1.658474089243038
ERR3211858	d__Archaea	8.89795918367347	0.0
ERR3211861	d__Bacteria	50.506141265981185	11.02316829080793
ERR3211861	d__Archaea	19.09461488950869	0.0
ERR3211862	d__Bacteria	51.560303674378495	5.173001138552567
ERR3211862	d__Archaea	19.981834695731155	0.0
ERR3211863	d__Bacteria	50.89332145451617	9.711613547522546
ERR3211863	d__Archaea	18.04727646454265	0.0
ERR3211864	d__Bacteria	51.693380819505464	8.118137758250594
ERR3211864	d__Archaea	15.691832002061323	0.0
ERR3211866	d__Bacteria	53.847608647985346	8.650610715711265
ERR3211866	d__Archaea	20.339988139948606	0.0
ERR3211868	d__Bacteria	47.8626771564705	8.395567725193755
ERR3211868	d__Archaea	24.73101265822785	0.0
ERR3211869	d__Bacteria	42.57395404415777	4.104106855700984
ERR3211869	d__Archaea	14.645414645414645	0.0
ERR3211870	d__Bacteria	50.45883967418868	8.68486711923606
ERR3211870	d__Archaea	26.60764990813429	0.0
ERR3211871	d__Bacteria	45.8195479432251	6.105141953163958
ERR3211871	d__Archaea	18.45428840716305	0.0
ERR3211872	d__Bacteria	44.79306584412972	8.039710465112176
ERR3211872	d__Archaea	16.23093681917211	0.0
ERR3211875	d__Bacteria	43.778185265186245	4.328215567745644
ERR3211875	d__Archaea	32.425361649738385	0.0
ERR3211876	d__Bacteria	43.68573278194473	7.508407057146739
ERR3211876	d__Archaea	29.998414460123673	0.0
ERR3211877	d__Bacteria	44.18849092703852	8.710941784369401
ERR3211877	d__Archaea	28.09985219247824	0.0
ERR3211878	d__Bacteria	46.264384983608025	6.523432929819452
ERR3211878	d__Archaea	34.62343096234309	0.0
ERR3211879	d__Bacteria	43.153320868222096	7.323713519226079
ERR3211879	d__Archaea	30.53421787709497	0.0
ERR3211880	d__Bacteria	46.03109297583801	2.4234636367735245
ERR3211880	d__Archaea	37.74617067833698	0.0
ERR3211885	d__Bacteria	37.024656502917374	7.125218466833373
ERR3211885	d__Archaea	9.382479655337482	0.0
ERR3211887	d__Bacteria	49.40253931391376	8.151492761332872
ERR3211887	d__Archaea	12.871287128712872	0.0
ERR3211888	d__Bacteria	35.666716660929914	8.837654959736636
ERR3211888	d__Archaea	8.720930232558139	0.0
ERR3211890	d__Bacteria	50.8151213437811	5.13896214770064
ERR3211890	d__Archaea	14.34700992223116	0.0
ERR3211891	d__Bacteria	48.691367241440005	5.541655403004426
ERR3211891	d__Archaea	12.441811256876852	0.0
ERR3211894	d__Bacteria	35.771801335438724	4.16976668016546
ERR3211894	d__Archaea	12.174146734748724	0.0
ERR3211897	d__Bacteria	47.53374702058998	7.9498393942102705
ERR3211897	d__Archaea	52.26666666666666	0.0
ERR3211899	d__Bacteria	44.10188854771999	8.158950151294423
ERR3211899	d__Archaea	36.44488579940417	0.0
ERR3211900	d__Bacteria	44.06682641453533	7.092168629295714
ERR3211900	d__Archaea	33.99675659737579	0.0
ERR3211902	d__Bacteria	45.78177143368058	4.426892657005531
ERR3211902	d__Archaea	38.03603855287051	0.0
ERR3211904	d__Bacteria	39.83132894297775	4.751504976185239
ERR3211904	d__Archaea	29.701204102869035	0.0
ERR3211905	d__Bacteria	48.75528845552789	9.355004058514847
ERR3211905	d__Archaea	56.71899101714908	0.0
ERR3211907	d__Bacteria	45.777842508149604	10.049818588373379
ERR3211907	d__Archaea	47.543988269794724	0.0
ERR3211911	d__Bacteria	47.31713950700961	8.584618300263083
ERR3211911	d__Archaea	15.933781686497673	0.0
ERR3211912	d__Bacteria	49.86390582040631	8.960037950079357
ERR3211912	d__Archaea	34.18010343778521	0.0
ERR3211914	d__Bacteria	49.84629177592523	3.4717093639808643
ERR3211914	d__Archaea	21.377893950709485	0.0
ERR3211915	d__Bacteria	48.42507302317583	2.278283852380389
ERR3211915	d__Archaea	11.817462410973357	0.0
ERR3211917	d__Bacteria	49.72133671121309	9.051943450189343
ERR3211917	d__Archaea	14.811827956989248	0.0
ERR3211923	d__Bacteria	42.38322294998943	6.6393819228891635
ERR3211923	d__Archaea	31.180753402975625	0.0
ERR3211924	d__Bacteria	39.9131259696447	6.232107347098102
ERR3211924	d__Archaea	27.10475858462611	0.0
ERR3211925	d__Bacteria	46.46320295712101	5.973952716889005
ERR3211925	d__Archaea	39.58762886597938	0.0
ERR3211926	d__Bacteria	42.160774177345004	5.579900480852244
ERR3211926	d__Archaea	30.94886195684304	0.0
ERR3211927	d__Bacteria	42.76318720743954	5.558906439838031
ERR3211927	d__Archaea	27.41206840916425	0.0
ERR3211929	d__Bacteria	47.10131570907758	9.397951078433369
ERR3211929	d__Archaea	44.57196029776675	0.0
ERR3211931	d__Bacteria	41.130584781945714	8.844023657038296
ERR3211931	d__Archaea	35.1691185716082	0.0
ERR3211932	d__Bacteria	42.103258431752856	6.204877999884728
ERR3211932	d__Archaea	35.90276081114097	0.0
ERR3211933	d__Bacteria	46.412956539847855	9.676352933692126
ERR3211933	d__Archaea	42.848034006376196	0.0
ERR3211936	d__Bacteria	55.69276261142897	4.336929658013059
ERR3211936	d__Archaea	33.68421052631579	0.0
ERR3211937	d__Bacteria	58.917563598433254	12.031596074310709
ERR3211937	d__Archaea	32.13213213213213	0.0
ERR3211938	d__Bacteria	48.281844111830694	7.024535512996452
ERR3211938	d__Archaea	19.693396226415093	0.0
ERR3211939	d__Bacteria	45.83190551655548	3.514323241274755
ERR3211939	d__Archaea	12.77445109780439	0.0
ERR3211942	d__Bacteria	52.06351077987441	7.021346438487819
ERR3211942	d__Archaea	11.850946854001222	0.0
ERR3211947	d__Bacteria	45.30818465538804	6.501839320453631
ERR3211947	d__Archaea	11.979166666666668	0.0
ERR3211948	d__Bacteria	51.82729125980098	6.24530176370374
ERR3211948	d__Archaea	22.10031347962382	0.0
ERR3211963	d__Bacteria	43.13089740583384	1.7374247658578708
ERR3211963	d__Archaea	7.165605095541401	0.0
ERR3211964	d__Bacteria	55.32755684207763	8.671165922237563
ERR3211964	d__Archaea	11.858974358974358	0.0
ERR3211967	d__Bacteria	45.49922548624448	5.616904157874355
ERR3211967	d__Archaea	6.808510638297872	0.0
ERR3211973	d__Bacteria	48.9461555040041	7.13101442290559
ERR3211973	d__Archaea	9.205260148656375	0.0
ERR3211974	d__Bacteria	49.840185400797566	6.356814050360238
ERR3211974	d__Archaea	7.802874743326489	0.0
ERR3211977	d__Bacteria	50.11590769307146	4.732840007391615
ERR3211977	d__Archaea	5.667181865018032	0.0
ERR3211978	d__Bacteria	45.39040740159192	3.740316210307635
ERR3211978	d__Archaea	6.392045454545454	0.0
ERR3211979	d__Bacteria	55.73909362574897	6.492876904237574
ERR3211979	d__Archaea	8.416639793614964	0.0
ERR3211981	d__Bacteria	45.4747595985054	6.283253862667575
ERR3211981	d__Archaea	8.352971982194292	0.0
ERR3211984	d__Bacteria	98.59345248512098	22.46293894779668
ERR3211984	d__Archaea	0.0	0.0
ERR3211988	d__Bacteria	27.076497187687853	3.3168627691223826
ERR3211988	d__Archaea	1.67346063076593	0.0
ERR3211991	d__Bacteria	57.17442684337713	10.81612779561464
ERR3211991	d__Archaea	15.62137049941928	0.0
ERR3211992	d__Bacteria	55.19386765333329	8.469769855551219
ERR3211992	d__Archaea	11.801242236024844	0.0
ERR3211993	d__Bacteria	47.89196170721207	9.83697991998955
ERR3211993	d__Archaea	54.17156286721504	0.0
ERR3211994	d__Bacteria	23.21114147827008	5.096552779258919
ERR3211994	d__Archaea	7.55530558680165	0.0
ERR3211995	d__Bacteria	41.757468105350284	7.178002240701628
ERR3211995	d__Archaea	11.45731905225576	0.0
ERR3211996	d__Bacteria	41.39293837616522	2.4736360991063733
ERR3211996	d__Archaea	16.65043816942551	0.0
ERR3212026	d__Bacteria	53.101562442760766	2.40353892104914
ERR3212026	d__Archaea	10.552763819095476	0.0
ERR3212028	d__Bacteria	41.13880515851151	5.417085318553571
ERR3212028	d__Archaea	23.459372485921158	0.0
ERR3212029	d__Bacteria	42.26620931413266	3.389330314615248
ERR3212029	d__Archaea	22.86802450736877	0.0
ERR3212030	d__Bacteria	48.68554210649072	10.928891417983825
ERR3212030	d__Archaea	10.392902408111533	0.0
ERR3212031	d__Bacteria	48.403138906492984	4.899679727822143
ERR3212031	d__Archaea	12.526193247962746	0.0
ERR3212037	d__Bacteria	41.264080752396325	6.107139873150175
ERR3212037	d__Archaea	8.417508417508419	0.0
ERR3212039	d__Bacteria	40.67838465584443	7.637174654687471
ERR3212039	d__Archaea	20.13458473525766	0.0
ERR3212040	d__Bacteria	37.4910368520062	4.617368011066624
ERR3212040	d__Archaea	10.882563979909113	0.0
ERR3212048	d__Bacteria	46.84345323042963	3.8403928021313845
ERR3212048	d__Archaea	10.996119016817593	0.0
ERR3212049	d__Bacteria	50.503005429162364	1.8853412616339196
ERR3212049	d__Archaea	20.855057351407716	0.0
ERR3212050	d__Bacteria	38.02565121919332	4.088791176734784
ERR3212050	d__Archaea	18.04363376251788	0.0
ERR3212051	d__Bacteria	35.1601528494144	4.4413678283443625
ERR3212051	d__Archaea	11.773107529075698	0.0
ERR3212052	d__Bacteria	41.93375571064164	4.9173723685346395
ERR3212052	d__Archaea	12.973593570608497	0.0
ERR3212053	d__Bacteria	40.71592241178609	2.99341178200473
ERR3212053	d__Archaea	13.382663847780126	0.0
ERR3610829	d__Bacteria	98.80586105899471	74.07328568412859
ERR3610829	d__Archaea	0.0	0.0
ERR8314728	d__Bacteria	61.608210136499984	2.716811626449089
ERR8314728	d__Archaea	19.880994049702487	0.0
ERR8314730	d__Bacteria	56.232124561681985	2.8067504581595695
ERR8314730	d__Archaea	2.737603305785124	0.0
ERR8314731	d__Bacteria	51.7207448800834	5.09433333356242
ERR8314731	d__Archaea	1.3086721340080265	0.0
ERR8314738	d__Bacteria	59.11004908698487	4.375650787651723
ERR8314738	d__Archaea	58.36120401337793	0.0
ERR8314740	d__Bacteria	57.47734439077355	2.5018099810574137
ERR8314740	d__Archaea	4.699886749716875	0.0
ERR8314741	d__Bacteria	55.2543704711544	4.516998266204535
ERR8314741	d__Archaea	19.748653500897667	0.0
ERR8314742	d__Bacteria	53.97360075367889	2.9219851763436058
ERR8314742	d__Archaea	15.083251714005877	0.0
ERR8314743	d__Bacteria	59.194334486691645	4.3110041885117845
ERR8314743	d__Archaea	4.023792862141358	0.0
ERR8314745	d__Bacteria	52.10845279373694	3.8059581573349393
ERR8314745	d__Archaea	5.263157894736842	0.0
ERR8314749	d__Bacteria	58.26384523123187	8.89323976672567
ERR8314749	d__Archaea	12.428596157175004	0.0
ERR8314758	d__Bacteria	60.77079605475355	3.2879621773498258
ERR8314758	d__Archaea	12.083152880034648	0.0
ERR8314768	d__Bacteria	57.788626704913796	4.781343084373901
ERR8314768	d__Archaea	4.921077065923862	0.0
ERR8314772	d__Bacteria	53.22663791542032	3.6375971131576605
ERR8314772	d__Archaea	0.5145797598627788	0.0
ERR8314775	d__Bacteria	51.60729322010509	3.498447191642176
ERR8314775	d__Archaea	0.9548492702223434	0.0
ERR8314776	d__Bacteria	55.36290207160953	4.811654430621072
ERR8314776	d__Archaea	25.972836868609793	0.0
ERR8314777	d__Bacteria	51.64427081698392	5.596110713444098
ERR8314777	d__Archaea	1.3511046193171445	0.0
ERR8314780	d__Bacteria	58.882214417791786	2.36824351602418
ERR8314780	d__Archaea	8.692086920869208	0.0
SRR10209666	d__Bacteria	46.74785489672121	6.245185111155938
SRR10209666	d__Archaea	5.451586655817739	0.0
SRR10209670	d__Bacteria	51.911562127708734	9.741740126397287
SRR10209670	d__Archaea	6.002892960462874	0.3013500482160077
SRR10209676	d__Bacteria	67.4163940837555	17.580997668091495
SRR10209676	d__Archaea	83.18149964961458	72.45970567624387
SRR10209677	d__Bacteria	56.31064703100242	8.99212888535131
SRR10209677	d__Archaea	4.444444444444445	0.0
SRR10209687	d__Bacteria	66.70321755705609	18.124193440177432
SRR10209687	d__Archaea	20.292347377472055	2.160361134995701
SRR11124655	d__Bacteria	50.655532746541134	19.046878585679476
SRR11124655	d__Archaea	6.536856745479833	1.52990264255911
SRR11124666	d__Bacteria	39.335885275017674	11.197395608029076
SRR11124666	d__Archaea	0.0	0.0
SRR11124689	d__Bacteria	35.05092722096984	12.629374886874107
SRR11124689	d__Archaea	5.125618925362186	0.0
SRR11124700	d__Bacteria	30.39187998780577	7.386674995651596
SRR11124700	d__Archaea	71.31633798300466	0.0
SRR11124702	d__Bacteria	56.693680635639396	40.89823210148224
SRR11124702	d__Archaea	0.35658914728682173	0.0
SRR11124704	d__Bacteria	53.980776115840555	17.885024663855518
SRR11124704	d__Archaea	43.77668659265585	0.2134927412467976
SRR11124705	d__Bacteria	58.01545198267948	33.77598687150157
SRR11124705	d__Archaea	37.92629892423896	0.0
SRR11124712	d__Bacteria	50.0473496228855	12.288148493544908
SRR11124712	d__Archaea	94.7779088798386	87.81638944924447
SRR11124714	d__Bacteria	52.48357219693588	28.22271096954751
SRR11124714	d__Archaea	33.79323031640912	0.6806475349521707
SRR11124721	d__Bacteria	73.15363383478218	15.112559092473948
SRR11124721	d__Archaea	92.38291066940828	85.36897418323053
SRR11124752	d__Bacteria	26.35894764495479	6.882363375493698
SRR11124752	d__Archaea	13.471698113207548	0.0
SRR11124757	d__Bacteria	61.41766037420211	12.776613151965371
SRR11124757	d__Archaea	95.30507052383426	90.31446038278659
SRR11124760	d__Bacteria	35.22768322472331	14.96972445675093
SRR11124760	d__Archaea	0.0	0.0
SRR11124762	d__Bacteria	50.34433053333773	32.46116916548543
SRR11124762	d__Archaea	16.923076923076923	10.598290598290598
SRR11124767	d__Bacteria	51.418335335053285	9.362225261968213
SRR11124767	d__Archaea	6.25	0.0
SRR11124775	d__Bacteria	59.45730152204012	21.279375755990067
SRR11124775	d__Archaea	1.8363939899833055	0.0
SRR11124795	d__Bacteria	25.94516297081674	14.314777140743482
SRR11124795	d__Archaea	52.060075495944105	0.602361256124006
SRR11124817	d__Bacteria	36.29853450866909	24.140749893641892
SRR11124817	d__Archaea	0.0	0.0
SRR11124818	d__Bacteria	20.37032255684857	4.559873116574147
SRR11124818	d__Archaea	0.0	0.0
SRR11124839	d__Bacteria	59.56531901423603	15.415990105829852
SRR11124839	d__Archaea	1.0135135135135136	0.0
SRR11124843	d__Bacteria	60.41303310253099	38.113415621106014
SRR11124843	d__Archaea	0.0	0.0
SRR11124885	d__Bacteria	46.835718904534616	15.759824620012417
SRR11124885	d__Archaea	4.316546762589928	0.0
SRR11124889	d__Bacteria	45.58169354795261	27.707509100606824
SRR11124889	d__Archaea	0.0	0.0
SRR11124898	d__Bacteria	38.639077141214685	21.749146623796964
SRR11124898	d__Archaea	91.02689829083776	73.3328663491174
SRR11124901	d__Bacteria	44.8573878372155	2.9131420122645855
SRR11124901	d__Archaea	71.27192982456141	0.24853801169590645
SRR11124909	d__Bacteria	43.61038609857035	12.37170217268623
SRR11124909	d__Archaea	93.5042677599301	0.0
SRR11124915	d__Bacteria	36.625211961510864	15.589276384447736
SRR11124915	d__Archaea	6.622894661718528	0.0
SRR11124956	d__Bacteria	33.611374532716965	1.7619788377716512
SRR11124956	d__Archaea	6.537282941777324	0.0
SRR11124957	d__Bacteria	44.791076361458785	1.8518173929077102
SRR11124957	d__Archaea	4.139290407358739	0.0
SRR11124973	d__Bacteria	43.48970346163744	11.152503362580909
SRR11124973	d__Archaea	1.787884047908349	0.0
SRR11124986	d__Bacteria	59.277804140039066	18.791559077827557
SRR11124986	d__Archaea	59.967376373626365	0.6696428571428571
SRR11124987	d__Bacteria	37.13724769196423	12.299893626800793
SRR11124987	d__Archaea	0.0	0.0
SRR11124998	d__Bacteria	38.454835374378995	7.132547817959897
SRR11124998	d__Archaea	84.91041162227603	0.09685230024213075
SRR11124999	d__Bacteria	37.50472035416717	26.168036573705823
SRR11124999	d__Archaea	93.76039143033586	89.7320792361408
SRR11125028	d__Bacteria	46.9426073310167	16.213812470870035
SRR11125028	d__Archaea	2.7027027027027026	0.0
SRR11125031	d__Bacteria	51.283399777375685	15.289485169003243
SRR11125031	d__Archaea	1.076555023923445	0.0
SRR11125046	d__Bacteria	41.12629393797485	20.584884428011264
SRR11125046	d__Archaea	0.0	0.0
SRR11125061	d__Bacteria	59.27086148636821	32.674838223617606
SRR11125061	d__Archaea	0.0	0.0
SRR11125084	d__Bacteria	29.311673327291526	15.058734601047869
SRR11125084	d__Archaea	94.8905207480299	86.69199479117722
SRR11125086	d__Bacteria	49.52715736445231	24.453265738836546
SRR11125086	d__Archaea	7.605633802816901	0.0
SRR11125089	d__Bacteria	44.09131702625553	26.124268543965645
SRR11125089	d__Archaea	8.407738095238097	0.0
SRR11125090	d__Bacteria	31.650796052702688	13.623988345937352
SRR11125090	d__Archaea	92.1994884910486	53.15517511352367
SRR11125094	d__Bacteria	56.54310350114374	28.743384377625553
SRR11125094	d__Archaea	38.10099057743416	0.0
SRR11125112	d__Bacteria	58.77185444772803	30.706004983916223
SRR11125112	d__Archaea	93.44638322274105	0.15018705114551759
SRR11125132	d__Bacteria	63.52725269747138	20.48405197265464
SRR11125132	d__Archaea	88.4878023352794	81.08319432860718
SRR11125155	d__Bacteria	38.68587207326665	17.25516195799144
SRR11125155	d__Archaea	57.243947858473	37.80792764032987
SRR11125165	d__Bacteria	37.146890731888895	17.17197853162228
SRR11125165	d__Archaea	83.81183640432319	78.94110365185925
SRR11125167	d__Bacteria	34.591938176429764	5.673663084050794
SRR11125167	d__Archaea	63.845156510464896	0.13582762239920973
SRR11125179	d__Bacteria	41.25390044576523	8.48532689450223
SRR11125179	d__Archaea	14.796425024826215	0.0
SRR11125183	d__Bacteria	41.24031261164284	4.63640333159764
SRR11125183	d__Archaea	21.099853823277385	0.0604869197036141
SRR11125186	d__Bacteria	49.573088493735376	27.392525805712175
SRR11125186	d__Archaea	41.236821623151485	0.0
SRR11125213	d__Bacteria	62.688127922394074	29.491721605889037
SRR11125213	d__Archaea	92.71613747175645	0.047568081817100726
SRR11125219	d__Bacteria	75.10636816872733	23.432755305357126
SRR11125219	d__Archaea	83.49740224227509	0.0
SRR11125224	d__Bacteria	67.10968399785932	41.237661856492785
SRR11125224	d__Archaea	49.97882253282507	0.0
SRR11125232	d__Bacteria	63.69237734684599	38.12515373734295
SRR11125232	d__Archaea	0.8944954128440368	0.0
SRR11125248	d__Bacteria	68.2930237636013	30.22424396812111
SRR11125248	d__Archaea	61.93706425475787	0.3014885999623139
SRR11125256	d__Bacteria	41.83276804160204	22.238329997361255
SRR11125256	d__Archaea	93.03421708588262	0.0
SRR11125259	d__Bacteria	61.720583409398635	16.925932156182526
SRR11125259	d__Archaea	80.23184185473484	76.171809374475
SRR11125283	d__Bacteria	47.02303244311274	15.80290112498919
SRR11125283	d__Archaea	0.0	0.0
SRR11125292	d__Bacteria	55.916407233225144	12.42912499172021
SRR11125292	d__Archaea	0.17452006980802792	0.0
SRR11125303	d__Bacteria	50.42595518721215	27.65110160022417
SRR11125303	d__Archaea	1.4705882352941175	0.0
SRR11125321	d__Bacteria	36.729405772950855	4.955838400264478
SRR11125321	d__Archaea	0.0	0.0
SRR11125347	d__Bacteria	31.761445962598344	21.16470540441724
SRR11125347	d__Archaea	4.334038054968287	0.0
SRR11125358	d__Bacteria	30.885646902665354	18.033515448156532
SRR11125358	d__Archaea	0.0	0.0
SRR11125373	d__Bacteria	49.35393617721459	14.959497603882468
SRR11125373	d__Archaea	6.169154228855722	0.0
SRR11125376	d__Bacteria	41.457415209376784	23.029566642194354
SRR11125376	d__Archaea	4.352159468438539	0.0
SRR11125379	d__Bacteria	45.53212549970068	14.172484756513622
SRR11125379	d__Archaea	2.1231422505307855	0.0
SRR11125390	d__Bacteria	41.261367182680516	7.022723478992939
SRR11125390	d__Archaea	6.016847172081829	0.0
SRR11125397	d__Bacteria	41.82724933219793	3.307523558703609
SRR11125397	d__Archaea	7.482993197278912	0.0
SRR11125405	d__Bacteria	29.152992322071153	16.884441386532874
SRR11125405	d__Archaea	68.97760170653665	0.0
SRR11125428	d__Bacteria	57.25492038141763	36.447373056508056
SRR11125428	d__Archaea	60.936875749101084	0.0
SRR11125434	d__Bacteria	70.56167260478942	32.0559659681824
SRR11125434	d__Archaea	98.28968083583798	0.279089738085015
SRR11125472	d__Bacteria	62.525602657458855	22.825864470133688
SRR11125472	d__Archaea	34.48275862068966	0.0
SRR11125493	d__Bacteria	59.9773850900746	42.01765554488841
SRR11125493	d__Archaea	3.278688524590164	0.0
SRR11125531	d__Bacteria	57.73267540700188	23.299716659463094
SRR11125531	d__Archaea	86.11757607102835	81.24084130678389
SRR11125533	d__Bacteria	33.51413863620337	4.688244834637896
SRR11125533	d__Archaea	2.1483375959079285	0.0
SRR11125542	d__Bacteria	42.80571610077627	15.951201722292154
SRR11125542	d__Archaea	23.021582733812952	0.0
SRR11125548	d__Bacteria	41.97114127849299	1.1993888588513988
SRR11125548	d__Archaea	58.98225280695401	0.0
SRR11125633	d__Bacteria	47.49215106255558	20.32720541531314
SRR11125633	d__Archaea	0.0	0.0
SRR11125642	d__Bacteria	66.3877191972491	56.18105001256668
SRR11125642	d__Archaea	0.0	0.0
SRR11125655	d__Bacteria	38.930299438618896	25.09366799529755
SRR11125655	d__Archaea	1.7899761336515514	0.0
SRR11125657	d__Bacteria	40.75622128975866	15.194405944772866
SRR11125657	d__Archaea	1.573849878934625	0.0
SRR11125663	d__Bacteria	44.416153464793254	5.027611168266214
SRR11125663	d__Archaea	41.635595326870494	0.14914243102162564
SRR11125669	d__Bacteria	46.91882677865482	28.144100199508383
SRR11125669	d__Archaea	80.1469765359794	0.39168873801618975
SRR11125676	d__Bacteria	64.5783006409637	35.19958986912316
SRR11125676	d__Archaea	71.65677009283266	0.0
SRR11125685	d__Bacteria	34.88925455470979	25.252513294846345
SRR11125685	d__Archaea	2.292387543252595	0.0
SRR11125701	d__Bacteria	60.49455761429435	13.826538362259894
SRR11125701	d__Archaea	8.284023668639055	0.0
SRR11125708	d__Bacteria	44.616703818642534	11.131189739690535
SRR11125708	d__Archaea	3.4482758620689653	0.0
SRR11125712	d__Bacteria	41.27401035759472	13.673655689324574
SRR11125712	d__Archaea	8.75912408759124	0.0
SRR11125737	d__Bacteria	49.27705848470285	17.31623172773422
SRR11125737	d__Archaea	2.1739130434782608	0.0
SRR11125739	d__Bacteria	53.96406054211841	13.235597769977286
SRR11125739	d__Archaea	0.0	0.0
SRR11125740	d__Bacteria	54.92053392717487	23.118595988918493
SRR11125740	d__Archaea	26.851851851851855	0.0
SRR11125742	d__Bacteria	49.45684226046296	12.355544088014547
SRR11125742	d__Archaea	2.7573529411764706	0.0
SRR11125745	d__Bacteria	51.71996989935096	18.190982347223528
SRR11125745	d__Archaea	0.0	0.0
SRR11125780	d__Bacteria	58.079931592522705	15.733906888367265
SRR11125780	d__Archaea	3.9603960396039604	6.270627062706271
SRR11125785	d__Bacteria	42.73299081669625	13.125459968911098
SRR11125785	d__Archaea	0.0	0.0
SRR11125791	d__Bacteria	45.092503863320474	1.740436663127088
SRR11125791	d__Archaea	5.681818181818182	0.0
SRR11125793	d__Bacteria	47.44166516705656	26.859016655669528
SRR11125793	d__Archaea	1.4755197853789404	0.0
SRR11125827	d__Bacteria	72.94609488819916	28.610200213418054
SRR11125827	d__Archaea	92.80585473626071	85.64853171315474
SRR11125874	d__Bacteria	42.11116443681045	15.783424688676147
SRR11125874	d__Archaea	1.496833621185953	0.0
SRR11125876	d__Bacteria	49.690503841418	22.568809785243822
SRR11125876	d__Archaea	62.16385731085848	0.06272050176401411
SRR11125885	d__Bacteria	43.02414901966232	14.082830373452051
SRR11125885	d__Archaea	75.67280721704192	0.0
SRR11125890	d__Bacteria	50.27560009542418	30.059099245975133
SRR11125890	d__Archaea	1.0017530678687703	0.0
SRR11125891	d__Bacteria	61.0199773680444	18.693635049071386
SRR11125891	d__Archaea	93.24853228962819	0.08969341161121983
SRR11125915	d__Bacteria	41.50173979315601	14.381485428154647
SRR11125915	d__Archaea	83.90037990713381	63.79907133811735
SRR11125920	d__Bacteria	41.12802794085976	15.8417371274474
SRR11125920	d__Archaea	68.3560862710898	0.0
SRR11125951	d__Bacteria	25.682092864509304	10.92944294887517
SRR11125951	d__Archaea	6.0306030603060305	0.0
SRR11125954	d__Bacteria	37.415213028097284	7.057535566684322
SRR11125954	d__Archaea	82.6478149100257	72.16089520641161
SRR11125974	d__Bacteria	62.89875578115189	26.097291370055625
SRR11125974	d__Archaea	92.66104191777153	90.02276684076604
SRR11125981	d__Bacteria	50.194780224373446	14.527428065071643
SRR11125981	d__Archaea	26.3102847181871	0.27890761185357354
SRR11126002	d__Bacteria	57.90935007565555	22.173023814407554
SRR11126002	d__Archaea	5.47438505640836	0.27741816164231553
SRR11126005	d__Bacteria	43.959032025275974	3.45635892687615
SRR11126005	d__Archaea	81.3473765956414	72.80007765859341
SRR11126010	d__Bacteria	41.515248219877535	25.210755862270712
SRR11126010	d__Archaea	92.85908349936605	89.29994566201775
SRR11126012	d__Bacteria	57.72082365406759	19.578438663844963
SRR11126012	d__Archaea	95.71592099174359	88.64073650113252
SRR11126013	d__Bacteria	61.419493147538475	19.898264150537894
SRR11126013	d__Archaea	79.74332111052908	76.65793609219487
SRR11126019	d__Bacteria	76.64673986392614	38.69425192453749
SRR11126019	d__Archaea	96.5179358513596	88.59429036414186
SRR11126022	d__Bacteria	55.467537975601864	26.174285969396298
SRR11126022	d__Archaea	94.15956583485494	0.24092107932643536
SRR11126033	d__Bacteria	54.728030655056536	30.03575974301473
SRR11126033	d__Archaea	90.50493154718092	83.63511457873301
SRR11126047	d__Bacteria	43.926135539108984	8.35364968799884
SRR11126047	d__Archaea	4.296604296604296	0.0
SRR11126073	d__Bacteria	26.063654223968562	7.529273084479371
SRR11126073	d__Archaea	11.11111111111111	0.0
SRR11126074	d__Bacteria	34.445473431281755	19.157384927289563
SRR11126074	d__Archaea	6.122448979591836	0.0
SRR11126075	d__Bacteria	39.57504246293212	17.319132525375192
SRR11126075	d__Archaea	1.944652206432311	0.0
SRR11126077	d__Bacteria	39.59925925275806	10.70675244355898
SRR11126077	d__Archaea	5.185185185185185	0.0
SRR11126080	d__Bacteria	36.86072767699925	10.23871506798235
SRR11126080	d__Archaea	0.0	0.0
SRR11126084	d__Bacteria	39.40794822026613	6.047711103936769
SRR11126084	d__Archaea	0.714711137581894	0.0
SRR11126085	d__Bacteria	42.41068287305488	7.1832887258057365
SRR11126085	d__Archaea	20.930232558139537	0.0
SRR11126088	d__Bacteria	48.70581465254077	19.786824924150096
SRR11126088	d__Archaea	10.714285714285714	0.0
SRR11126092	d__Bacteria	43.24864632397515	22.41840148071388
SRR11126092	d__Archaea	1.6361256544502618	0.0
SRR11126106	d__Bacteria	58.009483862273434	30.816488107270402
SRR11126106	d__Archaea	0.0	0.0
SRR11126113	d__Bacteria	60.22560944355113	57.06946925587232
SRR11126113	d__Archaea	4.580766139833914	0.21430484864720067
SRR11126145	d__Bacteria	50.69056698534064	29.556541415494227
SRR11126145	d__Archaea	94.03553299492386	86.51432445587929
SRR11126158	d__Bacteria	59.94781971395534	2.4220952486531515
SRR11126158	d__Archaea	1.1089367253750815	0.0
SRR11126163	d__Bacteria	35.450606079454744	13.831353279011424
SRR11126163	d__Archaea	54.81269947925416	0.0
SRR11126180	d__Bacteria	53.26656057057279	22.552718940498863
SRR11126180	d__Archaea	97.05110714660509	96.71738902298247
SRR11126182	d__Bacteria	65.15148346855621	31.447681296227696
SRR11126182	d__Archaea	88.28498388351673	0.12226297654773814
SRR11126191	d__Bacteria	61.64473821322248	15.965634824318538
SRR11126191	d__Archaea	92.43811044904479	0.0368573008170035
SRR11126194	d__Bacteria	51.96552531497384	32.27116541900537
SRR11126194	d__Archaea	94.47298828862863	86.31658481299584
SRR11126196	d__Bacteria	73.08044522447466	27.605478935117787
SRR11126196	d__Archaea	95.28368926955156	89.03392302801362
SRR11126214	d__Bacteria	35.35830942197679	21.217223395232164
SRR11126214	d__Archaea	2.5064822817631804	0.0
SRR11126221	d__Bacteria	71.34469239487913	48.98061093665806
SRR11126221	d__Archaea	92.47687564234327	89.08016443987667
SRR11126227	d__Bacteria	36.31778634633447	6.269341045034357
SRR11126227	d__Archaea	0.0	0.0
SRR11126230	d__Bacteria	49.16166790151601	12.967342984155932
SRR11126230	d__Archaea	95.94053236001068	94.71868601442179
SRR11126233	d__Bacteria	31.107874358455035	8.264923416804205
SRR11126233	d__Archaea	0.0	0.0
SRR11126281	d__Bacteria	41.92602187300553	10.625483614072676
SRR11126281	d__Archaea	78.80094588955349	0.0
SRR11126298	d__Bacteria	74.49067303578157	40.37716570129447
SRR11126298	d__Archaea	94.84554075280703	89.74053173541218
SRR11126306	d__Bacteria	39.780489972057296	18.12814388569352
SRR11126306	d__Archaea	7.868852459016394	0.0
SRR11126312	d__Bacteria	35.990387027341946	21.097076458736232
SRR11126312	d__Archaea	12.65513350883791	0.0
SRR11126329	d__Bacteria	36.739441381306435	13.21197942500009
SRR11126329	d__Archaea	0.0	0.0
SRR11126333	d__Bacteria	64.85554754566112	27.012202159644133
SRR11126333	d__Archaea	93.43434343434343	0.0
SRR11126343	d__Bacteria	29.25539588556607	6.416293729337855
SRR11126343	d__Archaea	0.0	0.0
SRR11126370	d__Bacteria	49.73665036509672	17.281484472790556
SRR11126370	d__Archaea	90.33391327623126	1.1911134903640257
SRR11126381	d__Bacteria	33.789620609311115	9.179095045500505
SRR11126381	d__Archaea	94.17671798862393	87.4807774257499
SRR11126420	d__Bacteria	52.71220032659922	16.337948007760218
SRR11126420	d__Archaea	1.4833574529667148	0.0
SRR11126471	d__Bacteria	47.9545710488975	12.394535912971012
SRR11126471	d__Archaea	7.809110629067245	0.0
SRR11126495	d__Bacteria	53.65006754872269	14.196325722740227
SRR11126495	d__Archaea	21.052631578947366	0.0
SRR11126503	d__Bacteria	28.94879420945547	3.346062622866562
SRR11126503	d__Archaea	21.630384437239464	0.0
SRR11126513	d__Bacteria	49.53348590398109	21.60500968236803
SRR11126513	d__Archaea	54.85743554720847	0.0
SRR11183301	d__Bacteria	57.52581535006347	22.30937530514598
SRR11183301	d__Archaea	32.55813953488372	0.0
SRR11183307	d__Bacteria	44.063368473285365	9.8457916147005
SRR11183307	d__Archaea	4.918032786885246	0.0
SRR11183311	d__Bacteria	63.0764119176778	23.377612502955138
SRR11183311	d__Archaea	15.217391304347828	0.0
SRR11183342	d__Bacteria	53.17074980837625	25.885614825242616
SRR11183342	d__Archaea	94.82779477076745	88.71031848894879
SRR11183354	d__Bacteria	66.17896921709384	5.646975054857404
SRR11183354	d__Archaea	0.0	0.0
SRR11183364	d__Bacteria	34.18711386642643	11.92809586507247
SRR11183364	d__Archaea	0.4056795131845842	0.0
SRR11183369	d__Bacteria	50.944392707363264	24.108264529959936
SRR11183369	d__Archaea	59.699604743083	0.0
SRR11183392	d__Bacteria	35.06227013541618	2.4229974452708656
SRR11183392	d__Archaea	5.833333333333333	0.0
SRR11183401	d__Bacteria	44.2879213717412	11.848969192534152
SRR11183401	d__Archaea	14.607156030984877	0.0
SRR11183405	d__Bacteria	40.501071079636134	6.884038182623629
SRR11183405	d__Archaea	1.3324450366422385	0.0
SRR11183406	d__Bacteria	38.763911181326456	27.040423308879348
SRR11183406	d__Archaea	13.640032284100082	0.0
SRR11183407	d__Bacteria	67.96429592571702	34.81444099500187
SRR11183407	d__Archaea	94.90232191014931	1.1017562323225678
SRR11183412	d__Bacteria	38.394737108680275	13.29137645851754
SRR11183412	d__Archaea	12.903225806451612	0.0
SRR11183424	d__Bacteria	46.32632951151165	17.989335167260297
SRR11183424	d__Archaea	0.0	0.0
SRR11183429	d__Bacteria	63.887998249736896	23.6098170648138
SRR11183429	d__Archaea	38.372093023255815	0.0
SRR11183438	d__Bacteria	39.74564067467956	15.781256683348305
SRR11183438	d__Archaea	2.9328821206993796	0.0
SRR11183449	d__Bacteria	52.87666336517499	10.22916717826145
SRR11183449	d__Archaea	4.6875	3.3482142857142856
SRR11183468	d__Bacteria	56.53903624745221	29.555032226078332
SRR11183468	d__Archaea	0.0	0.0
SRR11183474	d__Bacteria	70.4539058416757	53.49425079403369
SRR11183474	d__Archaea	94.36933177544094	90.78617926890335
SRR11183482	d__Bacteria	43.98674547855816	13.153007560916816
SRR11183482	d__Archaea	95.55903355179497	0.0
SRR11183494	d__Bacteria	36.0923357185831	3.5642622587161323
SRR11183494	d__Archaea	3.404255319148936	0.0
SRR11183499	d__Bacteria	41.15197690065578	20.425267158513783
SRR11183499	d__Archaea	23.329633740288568	0.0
SRR11183529	d__Bacteria	37.17923995656895	11.50558089033659
SRR11183529	d__Archaea	64.69586751276893	0.0
SRR11183531	d__Bacteria	43.92033020483441	7.915525705198603
SRR11183531	d__Archaea	4.744787922358016	0.0
SRR11183532	d__Bacteria	49.59119235068858	18.096353733082797
SRR11183532	d__Archaea	7.086614173228346	0.0
SRR11183533	d__Bacteria	48.49349298269295	11.464070663607123
SRR11183533	d__Archaea	95.03498203625166	83.99740673708096
SRR11183543	d__Bacteria	39.48348827591987	13.64961296234558
SRR11183543	d__Archaea	0.0	0.0
SRR11183552	d__Bacteria	54.864573355156466	37.99820487098453
SRR11183552	d__Archaea	96.01797068715783	0.21358603589227407
SRR11183560	d__Bacteria	42.06243787919809	6.319014280289058
SRR11183560	d__Archaea	5.9880239520958085	0.0
SRR11183573	d__Bacteria	34.95129728765908	14.60708169366844
SRR11183573	d__Archaea	78.40069826775883	0.0
SRR11183575	d__Bacteria	30.93704346461943	10.968369758115912
SRR11183575	d__Archaea	82.33156437471159	0.0
SRR11183578	d__Bacteria	59.73612698111979	29.65981279639091
SRR11183578	d__Archaea	95.12462539288063	0.0
SRR11183584	d__Bacteria	56.406305914677056	32.198207848289144
SRR11183584	d__Archaea	90.15396862730908	0.0
SRR11183589	d__Bacteria	25.0333763022889	7.894434319575604
SRR11183589	d__Archaea	40.69821436109587	0.22795390265524085
SRR11183621	d__Bacteria	63.66569153258573	29.08852050490276
SRR11183621	d__Archaea	97.35973597359737	0.05024723925679765
SRR11183630	d__Bacteria	36.34115509075853	9.789425903721288
SRR11183630	d__Archaea	24.885496183206108	0.0
SRR11183648	d__Bacteria	57.849323113527184	34.77262117766884
SRR11183648	d__Archaea	68.6967441026101	0.0
SRR11183690	d__Bacteria	18.993514428782877	2.9884073102965534
SRR11183690	d__Archaea	4.1035990581903805	1.6145307769929365
SRR11183692	d__Bacteria	24.151873396547348	13.458195111407656
SRR11183692	d__Archaea	95.77249658064471	91.15272194566522
SRR11183693	d__Bacteria	45.29786208903879	23.45584813448728
SRR11183693	d__Archaea	0.08173273395995095	0.0
SRR11183705	d__Bacteria	40.11751652139931	6.192529838542721
SRR11183705	d__Archaea	77.57960389539336	0.0
SRR11183712	d__Bacteria	48.65621380640846	23.10887197085896
SRR11183712	d__Archaea	22.554953806944887	0.30264415418923224
SRR11183717	d__Bacteria	20.208053357224628	2.7922950574884275
SRR11183717	d__Archaea	83.99349816066388	0.0
SRR11183733	d__Bacteria	56.13608792351463	37.03580678393653
SRR11183733	d__Archaea	82.57952125943609	1.7226917865668754
SRR11183735	d__Bacteria	38.298743594027755	28.69711221099513
SRR11183735	d__Archaea	56.364327950482384	0.9301843078944638
SRR11183744	d__Bacteria	43.537036450628875	3.3103075978895333
SRR11183744	d__Archaea	60.52716168434586	0.0
SRR11183752	d__Bacteria	62.68558560028721	11.150312505099626
SRR11183752	d__Archaea	92.35337787676318	0.0
SRR11183765	d__Bacteria	24.257387633872295	10.38181870667894
SRR11183765	d__Archaea	71.3719085394307	0.0
SRR11183769	d__Bacteria	53.81122657066165	35.38915770232935
SRR11183769	d__Archaea	94.1996754222516	85.68251487648013
SRR11183771	d__Bacteria	51.14455627561269	27.214329767971968
SRR11183771	d__Archaea	14.597673866603369	0.35604082601471637
SRR11183772	d__Bacteria	35.719152422150515	8.882184281247191
SRR11183772	d__Archaea	87.94007163448939	0.056783436708307856
SRR11183788	d__Bacteria	68.24628215117026	38.14147607154386
SRR11183788	d__Archaea	0.0	0.0
SRR11183796	d__Bacteria	45.977933668395025	16.556909652693978
SRR11183796	d__Archaea	3.4936008301625736	0.0
SRR11183809	d__Bacteria	52.2448867138936	12.981783075215269
SRR11183809	d__Archaea	6.172839506172839	0.0
SRR11183817	d__Bacteria	74.66558728832305	28.061174330867356
SRR11183817	d__Archaea	93.70174725721252	0.08804009210348096
SRR11183823	d__Bacteria	47.69270583542663	26.45161520088512
SRR11183823	d__Archaea	57.13275170950247	0.0
SRR11183845	d__Bacteria	54.12944834382768	15.812760131484026
SRR11183845	d__Archaea	21.21212121212121	0.0
SRR11183869	d__Bacteria	31.12862025213775	9.705635219086188
SRR11183869	d__Archaea	0.0	0.0
SRR11183871	d__Bacteria	56.037536422327605	12.669732807709156
SRR11183871	d__Archaea	0.0	0.0
SRR11183872	d__Bacteria	39.314210820984556	11.489104637614695
SRR11183872	d__Archaea	7.807807807807808	0.0
SRR11183877	d__Bacteria	49.00243683604181	26.391093603172667
SRR11183877	d__Archaea	59.415438421184106	0.37471896077941547
SRR11183896	d__Bacteria	47.621627839900235	27.985448507088183
SRR11183896	d__Archaea	88.36625026170702	73.85023379161142
SRR11183901	d__Bacteria	59.1196216656846	34.60574401372652
SRR11183901	d__Archaea	49.46168461051298	0.0
SRR11183914	d__Bacteria	34.817306137019	17.766064845026744
SRR11183914	d__Archaea	0.0	0.0
SRR11183917	d__Bacteria	64.65695137215693	29.93598731022662
SRR11183917	d__Archaea	23.60724233983287	0.45264623955431754
SRR11183930	d__Bacteria	47.66951796958197	17.148050871988804
SRR11183930	d__Archaea	2.556818181818182	0.0
SRR11183932	d__Bacteria	52.48535758830556	22.663832354099416
SRR11183932	d__Archaea	0.0	0.0
SRR11183939	d__Bacteria	56.696054155517395	29.75741177097062
SRR11183939	d__Archaea	93.25534166642831	89.11930436772404
SRR11183955	d__Bacteria	16.647728211444946	3.1427433285543565
SRR11183955	d__Archaea	91.14760533891652	0.44490970950013087
SRR11183964	d__Bacteria	51.77541379532005	21.530081742367894
SRR11183964	d__Archaea	90.12071639249551	0.2523793596253839
SRR11183984	d__Bacteria	27.74854818126014	11.70475597944244
SRR11183984	d__Archaea	2.4861878453038675	0.0
SRR11183988	d__Bacteria	62.249653740933354	21.806499368530297
SRR11183988	d__Archaea	18.354430379746837	0.0
SRR11184010	d__Bacteria	41.025281861159115	17.601686979955694
SRR11184010	d__Archaea	80.23198114377868	0.0
SRR11184014	d__Bacteria	75.30115363247165	36.33282133403053
SRR11184014	d__Archaea	91.70955678157515	88.81030843855297
SRR11184020	d__Bacteria	55.39435572035569	20.287417208591147
SRR11184020	d__Archaea	81.54489130036295	68.15265608388019
SRR11184035	d__Bacteria	67.41798436041206	32.59017560889797
SRR11184035	d__Archaea	57.74384543471487	0.40511062636335304
SRR11184044	d__Bacteria	68.98877836594785	23.512008070464702
SRR11184044	d__Archaea	66.81237978667599	0.681937401643644
SRR11184046	d__Bacteria	73.8479269517071	34.417235499949506
SRR11184046	d__Archaea	92.52607584444291	0.0
SRR11185229	d__Bacteria	78.74373265909271	31.49418281021707
SRR11185229	d__Archaea	10.128205128205128	1.1111111111111112
SRR11185230	d__Bacteria	81.78346620158254	6.182871308023751
SRR11185230	d__Archaea	95.35404609741214	77.94513106981672
SRR11185233	d__Bacteria	70.05659895957999	18.31201195162913
SRR11185233	d__Archaea	96.2998247649135	0.1411753091295012
SRR11185237	d__Bacteria	81.66855288793504	26.680141792378915
SRR11185237	d__Archaea	18.890356671070013	0.0
SRR11185239	d__Bacteria	83.31094443407999	15.416661798995298
SRR11185239	d__Archaea	25.716104392106935	0.0
SRR11185241	d__Bacteria	79.28831808309062	13.849783306931752
SRR11185241	d__Archaea	94.1076631773097	76.46302818628654
SRR11185243	d__Bacteria	75.00929970126356	17.368589775026212
SRR11185243	d__Archaea	94.43089714736892	0.026050199002035677
SRR11185246	d__Bacteria	82.32883728045421	19.783342236807513
SRR11185246	d__Archaea	61.760925449871465	0.8453628633577219
SRR11185251	d__Bacteria	73.6072896597179	13.920457143537721
SRR11185251	d__Archaea	90.74427664950143	0.0
SRR11185252	d__Bacteria	80.85434644577325	14.983818777674292
SRR11185252	d__Archaea	66.38924455825864	0.0
SRR11185257	d__Bacteria	71.19315415749048	16.258539094996774
SRR11185257	d__Archaea	94.43416079947994	87.18088564219526
SRR11185261	d__Bacteria	74.99655865254168	18.173297081074576
SRR11185261	d__Archaea	0.8766686590954373	0.0
SRR11489748	d__Bacteria	76.9284848288441	17.245401375268635
SRR11489748	d__Archaea	76.47895852255525	34.84105358764759
SRR11489753	d__Bacteria	77.45445671957566	0.916211433020592
SRR11489753	d__Archaea	33.210332103321036	0.0
SRR11489766	d__Bacteria	55.61636610165605	0.1879068807457796
SRR11489766	d__Archaea	1.8805808604672138	0.0
SRR11489770	d__Bacteria	94.80620777902766	67.67828077500884
SRR11489770	d__Archaea	26.52027027027027	0.0
SRR11489776	d__Bacteria	74.39804841816515	17.534844836971033
SRR11489776	d__Archaea	60.678513731825525	0.08077544426494346
SRR11489778	d__Bacteria	70.74145048231742	13.241424159484227
SRR11489778	d__Archaea	62.032190894254036	0.07878890202037256
SRR11489784	d__Bacteria	71.23238939241236	15.737528546930534
SRR11489784	d__Archaea	58.20422281472941	0.0
SRR11489788	d__Bacteria	69.68888265016524	18.01434238003965
SRR11489788	d__Archaea	17.32297473609299	0.0
SRR11489792	d__Bacteria	67.30260871707664	20.320703891132272
SRR11489792	d__Archaea	14.057577878893945	0.0
SRR11551371	d__Bacteria	69.50176297878616	5.721346567218873
SRR11551371	d__Archaea	31.180193596425916	0.0
SRR11551382	d__Bacteria	60.97756262097705	8.520287162638883
SRR11551382	d__Archaea	73.42630983791933	0.0
SRR11723726	d__Bacteria	60.53039452442825	5.4724032515035805
SRR11723726	d__Archaea	3.2188260751961053	0.0
SRR11723730	d__Bacteria	59.30414401580728	7.004621903564978
SRR11723730	d__Archaea	4.480164158686731	0.0
SRR11723736	d__Bacteria	59.44187890637972	3.286566632485582
SRR11723736	d__Archaea	5.923344947735192	0.0
SRR11723737	d__Bacteria	56.18217488037611	4.053029560689718
SRR11723737	d__Archaea	2.895387749163393	0.29099374363451186
SRR11723738	d__Bacteria	61.90691299624348	3.249490102512337
SRR11723738	d__Archaea	3.3551440902130034	0.0
SRR11723739	d__Bacteria	59.51324514585834	6.929388305796028
SRR11723739	d__Archaea	2.305229455709712	0.0
SRR11723740	d__Bacteria	64.05471576306077	5.622312630181371
SRR11723740	d__Archaea	4.206556425877574	0.0
SRR11805640	d__Bacteria	56.3783748066264	16.655044816032714
SRR11805640	d__Archaea	4.943944127917662	0.0
SRR11805642	d__Bacteria	62.371584493739384	10.545264239146949
SRR11805642	d__Archaea	0.0	0.0
SRR12277000	d__Bacteria	56.780187114309385	14.085637255478384
SRR12277000	d__Archaea	29.592684954280962	0.1828761429758936
SRR12795741	d__Bacteria	94.68573135588284	59.866656633056145
SRR12795741	d__Archaea	0.0	0.0
SRR12795745	d__Bacteria	92.2567817967032	2.517143388051381
SRR12795745	d__Archaea	0.0	0.0
SRR12795771	d__Bacteria	90.82790491583079	50.25757785812333
SRR12795771	d__Archaea	3.4482758620689653	0.0
SRR12795772	d__Bacteria	85.17989017167373	4.037923801088246
SRR12795772	d__Archaea	0.0	0.0
SRR12795776	d__Bacteria	91.77703108006861	36.93255484032687
SRR12795776	d__Archaea	35.714285714285715	0.0
SRR12795780	d__Bacteria	92.66893117276334	15.966675730486745
SRR12795780	d__Archaea	0.0	0.0
SRR12795781	d__Bacteria	92.29183162099127	2.489468704798696
SRR12795781	d__Archaea	60.0	0.0
SRR12795782	d__Bacteria	98.25842790157542	8.979716229021344
SRR12795782	d__Archaea	0.0	0.0
SRR12795783	d__Bacteria	98.39688417553762	50.784306706755174
SRR12795783	d__Archaea	0.0	0.0
SRR12795786	d__Bacteria	92.96791455010664	6.926191360678525
SRR12795786	d__Archaea	0.0	0.0
SRR12795787	d__Bacteria	96.64988389763903	4.037353343404983
SRR12795787	d__Archaea	0.0	0.0
SRR12795791	d__Bacteria	81.13521932843119	22.61382982576883
SRR12795791	d__Archaea	0.0	0.0
SRR12799835	d__Bacteria	72.47591866845966	17.626726068761396
SRR12799835	d__Archaea	66.20028682360348	0.5491622652068978
SRR14369131	d__Bacteria	83.44370372950567	18.190182281967672
SRR14369131	d__Archaea	0.0	0.0
SRR14369132	d__Bacteria	53.23612933429429	7.267200118271025
SRR14369132	d__Archaea	45.996073918635346	0.0
SRR14369135	d__Bacteria	56.09059282970619	18.85171536608315
SRR14369135	d__Archaea	64.99401819372022	0.09254870093225886
SRR14369139	d__Bacteria	47.19747131040064	11.65795626483038
SRR14369139	d__Archaea	1.7805858701895463	0.0
SRR14369140	d__Bacteria	66.89900821448936	25.729644418389615
SRR14369140	d__Archaea	82.29688074432285	0.0
SRR14369143	d__Bacteria	82.5747363215006	40.897130787711866
SRR14369143	d__Archaea	21.68141592920354	0.0
SRR14369144	d__Bacteria	74.76608192473276	13.370694494402013
SRR14369144	d__Archaea	64.9668032207939	0.07769458963130385
SRR14369150	d__Bacteria	80.72914874219028	25.894541956836598
SRR14369150	d__Archaea	70.80482241772565	0.0
SRR14369154	d__Bacteria	48.3464509532734	22.298675066035692
SRR14369154	d__Archaea	33.224323427650596	0.0
SRR14369156	d__Bacteria	71.5210296095659	24.79838465909778
SRR14369156	d__Archaea	73.95778824350253	30.660212803069946
SRR14369158	d__Bacteria	87.42763947453918	24.088449543468926
SRR14369158	d__Archaea	69.39628673306282	8.3364072298045
SRR14369163	d__Bacteria	74.11600121952769	37.17472909970909
SRR14369163	d__Archaea	73.02705917335712	46.94617900683913
SRR14369165	d__Bacteria	84.43438853652442	35.232469284433414
SRR14369165	d__Archaea	115.96093947301962	0.0
SRR14369168	d__Bacteria	64.38812038973745	17.176782146602687
SRR14369168	d__Archaea	24.77740003237818	0.0
SRR14369170	d__Bacteria	64.88942308517649	19.24960681229429
SRR14369170	d__Archaea	48.79547449526967	1.2630449624500146
SRR14369178	d__Bacteria	75.56041060236133	11.146258207131229
SRR14369178	d__Archaea	85.88524530894102	0.0
SRR14369182	d__Bacteria	90.94079748892767	33.62388448889696
SRR14369182	d__Archaea	33.91304347826087	0.0
SRR14369187	d__Bacteria	70.61106704693117	29.000594618258056
SRR14369187	d__Archaea	137.8944348823867	0.0
SRR14369192	d__Bacteria	74.49610102462215	22.76803602364554
SRR14369192	d__Archaea	27.049180327868854	0.0
SRR14369193	d__Bacteria	72.83313101650126	10.581675851912745
SRR14369193	d__Archaea	78.98627905519704	0.12530543199047678
SRR14369194	d__Bacteria	73.1706856354362	24.494426109812537
SRR14369194	d__Archaea	71.53924369341016	0.30988234154844335
SRR14369195	d__Bacteria	83.95274146061126	28.973423839738903
SRR14369195	d__Archaea	77.09212376933895	0.0
SRR14369225	d__Bacteria	92.84454986984795	40.67885028379827
SRR14369225	d__Archaea	8.111888111888112	0.0
SRR14369228	d__Bacteria	46.60752744578601	13.787117748032093
SRR14369228	d__Archaea	2.601993919253341	0.0
SRR14369235	d__Bacteria	54.69711321449843	6.626657750920795
SRR14369235	d__Archaea	13.069767441860467	0.0
SRR14369238	d__Bacteria	79.44172971120864	22.267500944208013
SRR14369238	d__Archaea	25.0901225666907	0.0
SRR14369248	d__Bacteria	84.62732031655798	19.374265290044228
SRR14369248	d__Archaea	15.048543689320388	0.0
SRR14369252	d__Bacteria	74.92583862381271	30.582714353700922
SRR14369252	d__Archaea	28.904847396768403	0.0
SRR14369259	d__Bacteria	65.1433093153929	16.27629530187626
SRR14369259	d__Archaea	1.583204267768026	0.0
SRR14369260	d__Bacteria	66.95710144374118	9.436536803149055
SRR14369260	d__Archaea	5.027092113184828	0.0
SRR14369262	d__Bacteria	80.35373870270091	29.35914906143689
SRR14369262	d__Archaea	3.308823529411765	0.0
SRR14369268	d__Bacteria	63.338512001441586	7.318261623390697
SRR14369268	d__Archaea	2.1507578861122494	0.0
SRR14369269	d__Bacteria	76.95345578330169	18.678491716139582
SRR14369269	d__Archaea	77.24535554131967	53.41020713218023
SRR14369270	d__Bacteria	79.05301380083634	39.93984262854136
SRR14369270	d__Archaea	80.46085116388431	0.0
SRR14369284	d__Bacteria	78.58525902475007	16.672875951125565
SRR14369284	d__Archaea	9.771309771309772	0.0
SRR14369287	d__Bacteria	75.65694429265561	12.815297761830422
SRR14369287	d__Archaea	70.22509658995465	0.0
SRR14369292	d__Bacteria	80.95340869668091	32.50891682374025
SRR14369292	d__Archaea	14.803625377643503	0.0
SRR14369293	d__Bacteria	88.16047416437016	34.75131294954491
SRR14369293	d__Archaea	2.547770700636943	0.0
SRR14369295	d__Bacteria	43.31521068032818	5.85232706064113
SRR14369295	d__Archaea	8.55047076855704	0.0
SRR14369296	d__Bacteria	73.95747525239597	14.610897956213792
SRR14369296	d__Archaea	60.38964562869702	0.0
SRR14369298	d__Bacteria	70.99670274001416	41.67439384827469
SRR14369298	d__Archaea	32.292036445391076	7.703230386936458
SRR14812339	d__Bacteria	81.11121990131994	16.82507655693806
SRR14812339	d__Archaea	17.869415807560138	0.0
SRR14812366	d__Bacteria	63.18369602754718	10.585230029757247
SRR14812366	d__Archaea	1.4983083615273078	0.0
SRR14812374	d__Bacteria	68.8845412056908	8.507027293432817
SRR14812374	d__Archaea	2.290804963410754	0.0
SRR14812377	d__Bacteria	67.77559270349178	13.526901664729419
SRR14812377	d__Archaea	0.0	0.0
SRR15057920	d__Bacteria	60.32892952052017	24.477128663483164
SRR15057920	d__Archaea	92.35848296964329	0.0
SRR15057921	d__Bacteria	56.9443545679931	14.49684129211779
SRR15057921	d__Archaea	53.31643430502746	0.0
SRR15057923	d__Bacteria	91.55869594974111	44.697887651116865
SRR15057923	d__Archaea	98.0091971918292	0.0418054174054693
SRR15057924	d__Bacteria	54.01382010232866	19.551373176693026
SRR15057924	d__Archaea	54.79194468033482	0.0
SRR15057925	d__Bacteria	46.32893463732208	8.648143479242265
SRR15057925	d__Archaea	76.47368976062427	30.396498998207317
SRR15057928	d__Bacteria	71.43533885407312	25.008168135861293
SRR15057928	d__Archaea	73.73322304346665	55.11380313258799
SRR15057929	d__Bacteria	58.48133172711839	30.424369029586046
SRR15057929	d__Archaea	76.57039438956338	62.1408641882211
SRR15057930	d__Bacteria	56.04679230762408	23.72084264906247
SRR15057930	d__Archaea	34.16506717850288	0.4414587332053743
SRR15410036	d__Bacteria	52.99483234115474	8.305204251938987
SRR15410036	d__Archaea	0.0	0.0
SRR15410100	d__Bacteria	83.61873801883492	42.04390825978904
SRR15410100	d__Archaea	39.130434782608695	0.0
SRR15732363	d__Bacteria	97.04139564443712	2.4079016811197413
SRR15732363	d__Archaea	41.74757281553398	39.15857605177994
SRR16235687	d__Bacteria	88.64928497212291	5.96020335007579
SRR16235687	d__Archaea	22.382671480144403	0.0
SRR16235690	d__Bacteria	78.83774627019359	21.356734960642534
SRR16235690	d__Archaea	4.648292883587001	1.6454134101192923
SRR16235692	d__Bacteria	85.29768971493293	31.206183580778795
SRR16235692	d__Archaea	15.909090909090908	1372.7272727272727
SRR16235696	d__Bacteria	88.09797822240024	20.185084055107968
SRR16235696	d__Archaea	91.7412935323383	16.616915422885572
SRR16235698	d__Bacteria	85.0241920861381	20.933987044970536
SRR16235698	d__Archaea	32.01799930771894	1.0384215991692627
SRR16235699	d__Bacteria	78.96105284861555	21.59414127883225
SRR16235699	d__Archaea	3.0153237765694514	0.0
SRR16235700	d__Bacteria	80.45055147892319	18.7939297153117
SRR16235700	d__Archaea	66.57549234135668	0.15043763676148797
SRR16235703	d__Bacteria	84.7100958714546	26.70183723201733
SRR16235703	d__Archaea	5.172413793103448	0.0
SRR17241481	d__Bacteria	74.64537340481604	24.403291898244458
SRR17241481	d__Archaea	83.84346482938032	0.15242972989451864
SRR17241488	d__Bacteria	83.98309745148458	33.49436856094161
SRR17241488	d__Archaea	95.71906836099213	0.017639223874149536
SRR17241489	d__Bacteria	80.2335250062991	23.356799732259244
SRR17241489	d__Archaea	93.98506309554469	74.87561164048417
SRR17241490	d__Bacteria	73.39124527507725	16.964150884938807
SRR17241490	d__Archaea	93.64885146497737	67.5468786729915
SRR17241501	d__Bacteria	71.78406106120882	11.290988599038627
SRR17241501	d__Archaea	89.24596455581894	0.0
SRR17241508	d__Bacteria	72.49597158581234	14.895500081753315
SRR17241508	d__Archaea	80.55080023438308	57.87768420326987
SRR17241510	d__Bacteria	69.03547778637507	20.284287807448603
SRR17241510	d__Archaea	92.55120931263593	41.00339697926464
SRR17241511	d__Bacteria	86.53291852907428	31.419061387992492
SRR17241511	d__Archaea	94.96836369767585	92.6344653775502
SRR17241524	d__Bacteria	70.55270403837869	42.15078478009105
SRR17241524	d__Archaea	78.69339869018442	65.26979790268793
SRR17241527	d__Bacteria	87.06266573115782	49.48477401415803
SRR17241527	d__Archaea	93.04353565590797	85.07681735058763
SRR17241533	d__Bacteria	79.74421032897624	36.11376173158825
SRR17241533	d__Archaea	86.14925751268187	8.56321938355415
SRR17241538	d__Bacteria	78.80121744677055	27.10015638344717
SRR17241538	d__Archaea	87.4128626040027	40.964695300202386
SRR17241542	d__Bacteria	77.82001852227575	17.378164625880736
SRR17241542	d__Archaea	84.92877386634845	0.0
SRR17241544	d__Bacteria	78.1863073621303	20.413489672032096
SRR17241544	d__Archaea	1.4067278287461773	0.6523955147808359
SRR17241558	d__Bacteria	80.82049716826005	14.897876213166642
SRR17241558	d__Archaea	92.13425715583826	0.5508859609268515
SRR17241563	d__Bacteria	82.65107897507295	17.922362192070633
SRR17241563	d__Archaea	70.28504490433424	0.017354332075144255
SRR17241564	d__Bacteria	75.55840526546035	24.743597728574183
SRR17241564	d__Archaea	78.04740051549632	61.88470484692273
SRR17241565	d__Bacteria	75.23738174896761	14.953290816629222
SRR17241565	d__Archaea	99.40493628240809	94.0969679214882
SRR17241569	d__Bacteria	75.34201319484461	36.59286733289757
SRR17241569	d__Archaea	84.69980944110766	73.70649106302916
SRR17241573	d__Bacteria	81.80457559221885	22.804723121142978
SRR17241573	d__Archaea	97.01354834180731	88.45232006578617
SRR17241576	d__Bacteria	76.48095245835466	29.373922576298984
SRR17241576	d__Archaea	93.73116798680098	81.03201180081236
SRR17241584	d__Bacteria	71.81086833457779	23.735470029913202
SRR17241584	d__Archaea	87.98138091543832	82.99922420480993
SRR17241603	d__Bacteria	79.4973037747154	24.48220911776145
SRR17241603	d__Archaea	81.52055292833758	2.3281193161149507
SRR17241613	d__Bacteria	73.29287035812689	31.706671095852563
SRR17241613	d__Archaea	90.63227540742281	51.018457033593876
SRR17241617	d__Bacteria	71.41347594224754	20.48250086327262
SRR17241617	d__Archaea	94.08424253264175	0.0
SRR17241618	d__Bacteria	76.75925748772225	40.448318663013936
SRR17241618	d__Archaea	94.1179335254251	59.555212856621075
SRR17241619	d__Bacteria	81.74270335948958	17.491146032633694
SRR17241619	d__Archaea	118.57293457304854	0.0
SRR17241623	d__Bacteria	73.35856756942498	16.20773261449722
SRR17241623	d__Archaea	88.05850937815171	0.21389360823625767
SRR17241627	d__Bacteria	69.97132075829852	29.661611695513617
SRR17241627	d__Archaea	84.73830276223929	71.53636008846104
SRR17241629	d__Bacteria	79.01052545499255	19.299343433209117
SRR17241629	d__Archaea	7.810872734846908	0.0
SRR17241635	d__Bacteria	77.0062284016166	17.58922362881778
SRR17241635	d__Archaea	89.01790840231865	0.21976529560284214
SRR17241638	d__Bacteria	71.93636085270381	14.22128186722139
SRR17241638	d__Archaea	93.96948252985405	0.0
SRR17241641	d__Bacteria	77.07123691970685	23.513321400478628
SRR17241641	d__Archaea	89.609293822608	78.74436519035305
SRR17241642	d__Bacteria	69.8575884259304	27.887885395819627
SRR17241642	d__Archaea	87.86602710692175	40.91973897038318
SRR17241645	d__Bacteria	68.81784601239598	21.37907540514274
SRR17241645	d__Archaea	93.33150552374808	0.0
SRR17241646	d__Bacteria	77.84431112669054	23.435551863636377
SRR17241646	d__Archaea	78.35184376697086	66.46399250354058
SRR17241647	d__Bacteria	78.85917829988782	14.207464087623084
SRR17241647	d__Archaea	88.70788870542425	37.61120831998423
SRR17241658	d__Bacteria	74.65072428710106	21.201936458768568
SRR17241658	d__Archaea	94.35396054095193	29.22194250922077
SRR17241659	d__Bacteria	79.87351265140113	17.267753046201427
SRR17241659	d__Archaea	95.60031975794668	0.029654970860767765
SRR17241660	d__Bacteria	79.95560875552907	22.72811447871766
SRR17241660	d__Archaea	92.27573850376312	8.55905462388661
SRR17241679	d__Bacteria	85.80874043092261	6.165726353411801
SRR17241679	d__Archaea	38.297872340425535	0.0
SRR17241681	d__Bacteria	73.20464388440024	22.338949092500243
SRR17241681	d__Archaea	82.84170044693899	68.93877975262447
SRR17241686	d__Bacteria	93.0967569661763	40.28361260880585
SRR17241686	d__Archaea	91.66084973707478	81.01028433151846
SRR17241689	d__Bacteria	88.71902743704977	34.04303722125245
SRR17241689	d__Archaea	90.23811487631096	0.6509615323609094
SRR17241691	d__Bacteria	85.14747309197959	42.663671643143275
SRR17241691	d__Archaea	91.93029838730621	68.09463214480485
SRR18048901	d__Bacteria	89.14772387134661	22.644577027670245
SRR18048901	d__Archaea	242.6763110307414	0.0
SRR18048911	d__Bacteria	90.07598940589608	25.48539158285084
SRR18048911	d__Archaea	47.61904761904761	0.0
SRR21357591	d__Bacteria	63.74187231175662	18.471566765919327
SRR21357591	d__Archaea	72.45776656428258	0.128894251864853
SRR21357596	d__Bacteria	41.34235762845136	1.836260962148374
SRR21357596	d__Archaea	0.0	0.0
SRR21357619	d__Bacteria	62.17524423637168	2.5593593815917566
SRR21357619	d__Archaea	18.953168044077135	0.0
SRR21357623	d__Bacteria	69.91338006120837	17.799213810997312
SRR21357623	d__Archaea	10.835694050991501	0.0
SRR21357626	d__Bacteria	81.7225480947437	12.856197989955046
SRR21357626	d__Archaea	5.763688760806916	2.3054755043227666
SRR21357631	d__Bacteria	56.143950850855575	21.076348205436528
SRR21357631	d__Archaea	0.0	0.0
SRR21357639	d__Bacteria	84.04057857571115	16.283808540403705
SRR21357639	d__Archaea	0.0	0.0
SRR21357659	d__Bacteria	82.21794928057079	30.475414229406976
SRR21357659	d__Archaea	0.0	0.0
SRR21357662	d__Bacteria	78.42516020621694	12.369393386275124
SRR21357662	d__Archaea	11.46635089796724	0.0
SRR21357698	d__Bacteria	56.258439198060096	21.27571473291252
SRR21357698	d__Archaea	2.2825008269930533	0.03307972213033411
SRR21357700	d__Bacteria	60.315824732898015	12.763263869457203
SRR21357700	d__Archaea	61.87266548712332	33.63102760693122
SRR21357718	d__Bacteria	46.43518269471139	12.563891954055203
SRR21357718	d__Archaea	0.6423662981774724	0.0
SRR21357720	d__Bacteria	74.71610466921342	4.699332487412427
SRR21357720	d__Archaea	1.4925373134328357	0.0
SRR21357737	d__Bacteria	42.085149877576356	0.8676489802117545
SRR21357737	d__Archaea	8.487874465049929	0.0
SRR21357742	d__Bacteria	91.18976548949371	12.995818024926695
SRR21357742	d__Archaea	0.0	0.0
SRR21357748	d__Bacteria	66.30140280972574	7.320113538789365
SRR21357748	d__Archaea	0.0	0.0
SRR21357755	d__Bacteria	48.111464998587024	2.688024147473239
SRR21357755	d__Archaea	11.20698304404535	0.0
SRR21357756	d__Bacteria	79.07944983778357	25.020970572693763
SRR21357756	d__Archaea	77.77236959519753	0.0
SRR21357760	d__Bacteria	80.64907353614427	19.649395699080184
SRR21357760	d__Archaea	18.974358974358974	0.0
SRR21357771	d__Bacteria	79.42390495487346	19.726746872810505
SRR21357771	d__Archaea	0.0	0.0
SRR21357778	d__Bacteria	67.5040085515767	34.28185350362497
SRR21357778	d__Archaea	22.916666666666664	0.0
SRR21357784	d__Bacteria	68.21652989346548	12.961489385875216
SRR21357784	d__Archaea	37.84090909090909	0.9375
SRR21357788	d__Bacteria	76.37321621406156	17.629692001879075
SRR21357788	d__Archaea	18.786256135653726	0.0
SRR21357796	d__Bacteria	78.69945099258865	37.44779874850418
SRR21357796	d__Archaea	83.0874299336383	0.0
SRR21357798	d__Bacteria	80.00540465356568	29.448129234804377
SRR21357798	d__Archaea	60.69364161849711	0.0
SRR21357815	d__Bacteria	56.66932083065965	16.2876832739269
SRR21357815	d__Archaea	61.42049566731217	0.0645502024529077
SRR21357828	d__Bacteria	65.37776211692349	14.695142921110072
SRR21357828	d__Archaea	35.880349474307714	0.0
SRR21357836	d__Bacteria	68.28190553277196	45.85074867854816
SRR21357836	d__Archaea	28.12036448400085	0.0
SRR21357847	d__Bacteria	88.26038006039163	42.45671401466046
SRR21357847	d__Archaea	85.33171902895488	0.0
SRR21357849	d__Bacteria	64.68849628443223	8.013733757168575
SRR21357849	d__Archaea	0.0	0.0
SRR21357861	d__Bacteria	81.3231324979484	34.3374257553871
SRR21357861	d__Archaea	0.0	0.0
SRR21357864	d__Bacteria	76.4643224740886	21.064416020971063
SRR21357864	d__Archaea	8.228011348981171	1.5475883415011609
SRR21357874	d__Bacteria	65.5580334910756	10.119947544098455
SRR21357874	d__Archaea	7.015722337585287	0.0
SRR21357876	d__Bacteria	84.33241404447523	27.094091873935174
SRR21357876	d__Archaea	76.08310768589878	0.0
SRR21357883	d__Bacteria	61.68612430597291	22.474496105625978
SRR21357883	d__Archaea	11.093871217998448	2.2110162916989915
SRR21357890	d__Bacteria	66.93316923351979	10.625542742574003
SRR21357890	d__Archaea	7.344632768361582	0.0
SRR21357893	d__Bacteria	72.84921795592076	21.802882862791684
SRR21357893	d__Archaea	72.48322147651007	0.0
SRR21357927	d__Bacteria	79.11868880372049	31.523745541551783
SRR21357927	d__Archaea	73.03768057379534	57.14213556924942
SRR21376884	d__Bacteria	74.88018155178578	41.65264483696409
SRR21376884	d__Archaea	86.9674527915175	0.07651736670947995
SRR21376896	d__Bacteria	78.232828549702	13.979424493593223
SRR21376896	d__Archaea	7.001972386587771	0.0
SRR22460805	d__Bacteria	40.9503482829624	9.012178233741176
SRR22460805	d__Archaea	64.705402982642	0.0
SRR2329609	d__Bacteria	22.90918333854274	4.72356571077051
SRR2329609	d__Archaea	2.4867957746478875	0.0
SRR2329666	d__Bacteria	47.35031441522211	21.296956923784624
SRR2329666	d__Archaea	12.96514564741539	0.12909019475781555
SRR2329775	d__Bacteria	32.15666588592271	12.196260197241816
SRR2329775	d__Archaea	5.336866010598032	0.0
SRR2329877	d__Bacteria	30.850663697241963	4.060033822675805
SRR2329877	d__Archaea	7.561820571018994	0.0
SRR5240725	d__Bacteria	68.61619313005642	16.01697322847972
SRR5240725	d__Archaea	88.63337136838409	0.3028175195295357
SRR5240726	d__Bacteria	65.72304532916945	13.074798461213804
SRR5240726	d__Archaea	83.80730329699199	0.0
SRR5240727	d__Bacteria	65.42095419504889	33.03900931926357
SRR5240727	d__Archaea	81.47086914995224	1.0369763951425843
SRR5240728	d__Bacteria	53.84946893399813	15.48466768796794
SRR5240728	d__Archaea	77.29587026211578	0.0
SRR5240729	d__Bacteria	90.3671388812963	11.632627451432906
SRR5240729	d__Archaea	0.0	0.0
SRR5240730	d__Bacteria	83.96600478047603	19.963581665705863
SRR5240730	d__Archaea	0.0	0.0
SRR5240731	d__Bacteria	87.4945064046734	38.15548744763628
SRR5240731	d__Archaea	42.857142857142854	0.0
SRR5240732	d__Bacteria	79.084984395856	33.98183554134742
SRR5240732	d__Archaea	106.06060606060606	0.0
SRR5240734	d__Bacteria	86.36898411352908	37.59312060139267
SRR5240734	d__Archaea	0.0	0.0
SRR5240735	d__Bacteria	88.11242035849656	22.531941056841905
SRR5240735	d__Archaea	59.25925925925925	0.0
SRR5240736	d__Bacteria	81.27681792791519	35.530886111123486
SRR5240736	d__Archaea	0.22002200220022	0.0
SRR5240737	d__Bacteria	88.82115850327845	36.56807421534381
SRR5240737	d__Archaea	8.536585365853659	0.0
SRR5240741	d__Bacteria	88.9959583358445	60.889365775597604
SRR5240741	d__Archaea	0.5249343832020997	0.0
SRR5240742	d__Bacteria	83.08383264362817	42.54712710716358
SRR5240742	d__Archaea	6.043956043956044	0.0
SRR5240743	d__Bacteria	69.78127281312014	18.239737471622437
SRR5240743	d__Archaea	37.62376237623762	0.8486562942008486
SRR5240744	d__Bacteria	71.74923785682518	19.299300606639655
SRR5240744	d__Archaea	71.97208737864078	0.11529126213592232
SRR5240745	d__Bacteria	77.9949368646174	34.71355391973511
SRR5240745	d__Archaea	65.62179881171892	1.4136447449293177
SRR5240747	d__Bacteria	64.51717497323209	22.3239087583094
SRR5240747	d__Archaea	72.39075002198189	0.0
SRR5240748	d__Bacteria	73.07393392941822	32.92236181821024
SRR5240748	d__Archaea	82.62550364804531	0.22051617118588698
SRR5240749	d__Bacteria	74.07588767916016	24.3229900187026
SRR5240749	d__Archaea	92.15930761331964	0.0
SRR5240750	d__Bacteria	78.02322609674678	31.34187660572834
SRR5240750	d__Archaea	34.02777777777778	0.0
SRR5240751	d__Bacteria	73.74102573807228	14.680757068148923
SRR5240751	d__Archaea	4.504504504504505	0.0
SRR5241532	d__Bacteria	34.31224728280541	1.9521401462269514
SRR5241532	d__Archaea	79.83697983697984	0.0
SRR5241533	d__Bacteria	40.36124037914562	10.961348667301776
SRR5241533	d__Archaea	91.7862954783215	0.16273393002441008
SRR5241534	d__Bacteria	33.74877488989517	2.410644500961479
SRR5241534	d__Archaea	90.81495187547678	0.0
SRR5241535	d__Bacteria	43.049364550113225	5.433271497681379
SRR5241535	d__Archaea	80.47673971549403	0.0
SRR5241536	d__Bacteria	33.94112213341901	3.152028312027651
SRR5241536	d__Archaea	58.349527140821344	0.0
SRR5241537	d__Bacteria	45.36627281009304	7.075131822322833
SRR5241537	d__Archaea	89.68546655521136	0.0
SRR5241538	d__Bacteria	30.03106117941321	3.5529962975378004
SRR5241538	d__Archaea	73.63361564227554	0.0
SRR5666655	d__Bacteria	63.68444829600325	18.005718028392884
SRR5666655	d__Archaea	74.83479124489094	0.030558844875663703
SRR5666656	d__Bacteria	63.27873567119327	5.092681278668298
SRR5666656	d__Archaea	48.86125020190599	0.0
SRR5666657	d__Bacteria	68.32605447737272	3.2703543381287252
SRR5666657	d__Archaea	9.03546419697312	0.2936525864016264
SRR5976180	d__Bacteria	64.3918549243499	14.34573984635927
SRR5976180	d__Archaea	62.54705378107413	0.007454064328575156
SRR5976181	d__Bacteria	48.223915982746085	3.5416897392330977
SRR5976181	d__Archaea	51.539783547772764	0.0
SRR5976182	d__Bacteria	61.91167780385809	18.62273760324245
SRR5976182	d__Archaea	63.07587498935536	22.01311419569105
SRR5976183	d__Bacteria	59.293612521792284	14.306947742900759
SRR5976183	d__Archaea	72.62169086251068	0.0
SRR5976184	d__Bacteria	67.4342660113208	16.572289315288348
SRR5976184	d__Archaea	68.3449074074074	26.53769841269841
SRR5976185	d__Bacteria	65.51516905661	17.105140608365645
SRR5976185	d__Archaea	64.37246963562752	0.0
SRR5976186	d__Bacteria	63.09475099247106	12.320955058003142
SRR5976186	d__Archaea	66.46507408527366	0.0
SRR5976187	d__Bacteria	59.74775267371631	11.520456688805506
SRR5976187	d__Archaea	57.96413680892173	0.09491203688010576
SRR7182025	d__Bacteria	57.841844511075934	10.483740708871615
SRR7182025	d__Archaea	13.855421686746988	1.8072289156626504
SRR7182026	d__Bacteria	62.04704222443993	22.90684469527513
SRR7182026	d__Archaea	0.9655172413793104	0.0
SRR7182027	d__Bacteria	73.91291314834372	43.91051507786812
SRR7182027	d__Archaea	0.48	0.0
SRR7182028	d__Bacteria	40.249755776630316	12.740152980189665
SRR7182028	d__Archaea	57.40420271940667	0.0
SRR7182029	d__Bacteria	55.62904475173506	19.343412114200863
SRR7182029	d__Archaea	90.1546218487395	74.56134453781512
SRR7182030	d__Bacteria	56.87859816549549	20.87012529014949
SRR7182030	d__Archaea	93.60159506978431	0.0
SRR7182031	d__Bacteria	52.668303200431986	15.311292465944906
SRR7182031	d__Archaea	46.37434369235135	0.823045267489712
SRR7182032	d__Bacteria	53.671544761955346	15.290612033089054
SRR7182032	d__Archaea	24.503311258278146	0.0
SRR7182033	d__Bacteria	46.643311004484914	17.275950107293337
SRR7182033	d__Archaea	2.195845697329377	0.0
SRR7182034	d__Bacteria	54.50258168775374	13.959047731662134
SRR7182034	d__Archaea	76.6380655226209	0.0
SRR7182035	d__Bacteria	46.8222771202698	7.3983134951752305
SRR7182035	d__Archaea	86.6918263978548	0.0
SRR7182036	d__Bacteria	65.90648456536611	41.51423491381423
SRR7182036	d__Archaea	0.0	0.0
SRR7182037	d__Bacteria	65.52774142756176	35.04539461966198
SRR7182037	d__Archaea	22.744023433808938	0.6330908060096381
SRR7182038	d__Bacteria	79.22376620560455	29.63248337225878
SRR7182038	d__Archaea	266.66666666666663	0.0
SRR7182039	d__Bacteria	65.21308012329979	27.288208331945263
SRR7182039	d__Archaea	24.920260712799887	0.0
SRR7182040	d__Bacteria	66.22781069197588	29.575652196455636
SRR7182040	d__Archaea	0.0	0.0
SRR7182041	d__Bacteria	57.41132744099355	24.097669309860343
SRR7182041	d__Archaea	39.87985212569316	0.0
SRR7182042	d__Bacteria	72.59978012116727	56.01966150568091
SRR7182042	d__Archaea	0.16666666666666669	0.0
SRR7182043	d__Bacteria	64.23616626952608	23.91823316565175
SRR7182043	d__Archaea	7.415159216624309	0.0
SRR7182044	d__Bacteria	67.85760900248799	33.867793663979015
SRR7182044	d__Archaea	9.858168446856942	0.7704430047277184
SRR7182045	d__Bacteria	65.50911600107227	18.342952929067614
SRR7182045	d__Archaea	17.286706349206348	0.0
SRR7182046	d__Bacteria	54.00497656987883	23.04330517787031
SRR7182046	d__Archaea	1.9938650306748467	0.0
SRR7182047	d__Bacteria	59.97946625722507	21.528393238832148
SRR7182047	d__Archaea	26.878925709335068	0.0
SRR7182048	d__Bacteria	52.936572142484174	24.94361777446504
SRR7182048	d__Archaea	15.582191780821919	0.434668071654373
SRR7182049	d__Bacteria	57.96391134312394	12.73402717103048
SRR7182049	d__Archaea	93.07097586191396	0.33937160066525823
SRR7182050	d__Bacteria	63.07699203011875	31.817257778197515
SRR7182050	d__Archaea	2.359154929577465	0.0
SRR7182051	d__Bacteria	62.8423587053399	19.208188334831828
SRR7182051	d__Archaea	6.770833333333333	0.0
SRR7182052	d__Bacteria	56.42028860640036	16.968771212473797
SRR7182052	d__Archaea	10.168319114595342	0.7839520405810467
SRR7182053	d__Bacteria	63.097336710481635	9.326920789145252
SRR7182053	d__Archaea	13.297872340425531	0.0
SRR7182054	d__Bacteria	54.92122424118957	17.853378761830914
SRR7182054	d__Archaea	74.14700721388185	0.07798791187365958
SRR7182055	d__Bacteria	45.18777059706744	4.8007553223342425
SRR7182055	d__Archaea	7.917383820998279	0.0
SRR7182056	d__Bacteria	59.210435268689984	21.618937396799897
SRR7182056	d__Archaea	18.429068755439513	0.0
SRR7182057	d__Bacteria	50.21803876922451	24.644116874008006
SRR7182057	d__Archaea	14.15525114155251	0.0
SRR7182058	d__Bacteria	52.830801382525514	21.874929668033115
SRR7182058	d__Archaea	25.927758535378526	0.0
SRR7182059	d__Bacteria	43.92266135911288	6.040375319874893
SRR7182059	d__Archaea	95.22593670209606	0.0
SRR7182060	d__Bacteria	76.9642899061438	32.82854156281544
SRR7182060	d__Archaea	3.686635944700461	0.0
SRR7182061	d__Bacteria	53.70458226958906	25.83129321597635
SRR7182061	d__Archaea	39.351299785356545	0.4531361793465299
SRR7182062	d__Bacteria	56.173879066132656	23.588811826381427
SRR7182062	d__Archaea	95.04683283060803	0.0
SRR7182063	d__Bacteria	54.001078521019444	13.372281458127318
SRR7182063	d__Archaea	11.851851851851853	0.5333333333333333
SRR8198110	d__Bacteria	68.68944573222616	28.610418317146408
SRR8198110	d__Archaea	66.57165991902833	0.0
SRR8655112	d__Bacteria	81.10949822954744	47.9180043870281
SRR8655112	d__Archaea	82.87117660192007	66.10322921106578
SRR8655113	d__Bacteria	79.12749630441502	24.96244303839952
SRR8655113	d__Archaea	89.85698989059898	66.6130648670688
SRR8655114	d__Bacteria	79.36279299164632	42.72223575533909
SRR8655114	d__Archaea	88.08381529758769	71.19511171335124
SRR8655115	d__Bacteria	78.37236483818326	35.09616070819701
SRR8655115	d__Archaea	88.23881669561051	67.0133099681355
SRR8655116	d__Bacteria	75.87945248857731	29.315003945231794
SRR8655116	d__Archaea	89.16931314984639	66.97108417370445
SRR8655117	d__Bacteria	78.98701780215993	28.419752353349182
SRR8655117	d__Archaea	86.63529630812914	63.5603100079766
SRR8655118	d__Bacteria	75.21760710766375	34.126126257303355
SRR8655118	d__Archaea	87.52508780732565	61.98469643753136
SRR8655119	d__Bacteria	84.00678869793099	42.65896249294164
SRR8655119	d__Archaea	82.57273999973994	68.15780234831115
SRR8655120	d__Bacteria	81.5912057215243	34.20278685875523
SRR8655120	d__Archaea	85.09366171125843	65.92352833366185
SRR8960081	d__Bacteria	67.0736894226017	29.270301262289877
SRR8960081	d__Archaea	1.1775788977861517	0.0
SRR8960082	d__Bacteria	71.11251921158357	38.33557749346132
SRR8960082	d__Archaea	7.708333333333334	3.298611111111111
SRR8960086	d__Bacteria	51.51471957211324	8.855427036996021
SRR8960086	d__Archaea	81.50057273768614	60.37800687285223
SRR8960109	d__Bacteria	75.01904411365157	22.368221397689283
SRR8960109	d__Archaea	6.689834926151173	0.0
SRR8960112	d__Bacteria	40.240073759678864	16.024645036473295
SRR8960112	d__Archaea	22.27615965480043	0.0
SRR8960118	d__Bacteria	56.69809205222533	31.040929603306246
SRR8960118	d__Archaea	93.85882694617894	0.0
SRR8960120	d__Bacteria	54.84374039103663	26.505581102465868
SRR8960120	d__Archaea	92.64898676149265	75.74482669979864
SRR8960126	d__Bacteria	72.56342818227208	32.56677063074092
SRR8960126	d__Archaea	17.48768472906404	0.0
SRR8960132	d__Bacteria	67.01900020576369	9.033501452908975
SRR8960132	d__Archaea	89.83798102218915	25.356967904639223
SRR8960136	d__Bacteria	50.72678119932104	9.583562296150824
SRR8960136	d__Archaea	59.125036095870634	0.0
SRR8960137	d__Bacteria	68.12338650693506	11.989968985836523
SRR8960137	d__Archaea	82.04946204423192	0.0
SRR8960139	d__Bacteria	63.349917544141206	19.03351034012751
SRR8960139	d__Archaea	18.025078369905955	0.0
SRR8960142	d__Bacteria	61.123626236640035	12.579108182522369
SRR8960142	d__Archaea	13.476157567380787	0.0
SRR8960148	d__Bacteria	55.514450529286854	27.211625762566605
SRR8960148	d__Archaea	7.098618389709385	8.670795616960456
SRR8960150	d__Bacteria	75.7468405439922	16.770717449755544
SRR8960150	d__Archaea	89.35544611819235	10.398319814600232
SRR8960154	d__Bacteria	62.260823891348394	22.060975286790637
SRR8960154	d__Archaea	70.92755354552436	49.70560628039935
SRR8960158	d__Bacteria	56.93137055524122	26.04543572210488
SRR8960158	d__Archaea	10.83861874559549	0.0
SRR8960165	d__Bacteria	68.48906041415293	13.06538231653127
SRR8960165	d__Archaea	4.56754130223518	0.09718172983479105
SRR8960172	d__Bacteria	87.60770254751333	48.1151572473159
SRR8960172	d__Archaea	95.4090542375997	89.9173823796734
SRR8960181	d__Bacteria	62.2911059743655	20.650075449378942
SRR8960181	d__Archaea	95.27065527065527	87.35246235246235
SRR8960188	d__Bacteria	60.9756812346112	16.01387941186383
SRR8960188	d__Archaea	2.7559055118110236	0.0
SRR8960192	d__Bacteria	50.49434723054694	12.819175887529585
SRR8960192	d__Archaea	27.744551444500757	0.8413583375570197
SRR8960197	d__Bacteria	50.394358996796775	18.62779188898535
SRR8960197	d__Archaea	3.081232492997199	0.0
SRR8960200	d__Bacteria	57.350007014221916	32.962853877468525
SRR8960200	d__Archaea	86.07496996721845	0.39297131105817196
SRR8960201	d__Bacteria	70.91219622257827	18.075274252926746
SRR8960201	d__Archaea	92.94227145808269	87.37599600463099
SRR8960203	d__Bacteria	58.78083250655646	27.205150902457493
SRR8960203	d__Archaea	88.79954912643247	2.3482998309224126
SRR8960206	d__Bacteria	57.15249021375619	29.25060138813024
SRR8960206	d__Archaea	87.4746303276312	81.80309912696111
SRR8960209	d__Bacteria	60.5449482572859	15.135415567310373
SRR8960209	d__Archaea	90.99007644658063	0.0
SRR8960211	d__Bacteria	88.28508227196747	48.8646254477273
SRR8960211	d__Archaea	96.16627448770156	88.52504700668035
SRR8960232	d__Bacteria	78.99000141686615	29.068454705560637
SRR8960232	d__Archaea	73.98081534772182	3.477218225419664
SRR8960237	d__Bacteria	67.87267047477003	8.248589439372862
SRR8960237	d__Archaea	27.968197879858657	0.0
SRR8960243	d__Bacteria	48.000606593951986	14.400264695542683
SRR8960243	d__Archaea	4.120916361664633	0.67778229632642
SRR8960244	d__Bacteria	66.421944468915	38.224940362340156
SRR8960244	d__Archaea	89.94235124562488	79.40292361540045
SRR8960250	d__Bacteria	60.37373637182698	20.90472884171895
SRR8960250	d__Archaea	26.1986301369863	1.1986301369863013
SRR8960256	d__Bacteria	63.10574533490432	19.58065072225697
SRR8960256	d__Archaea	9.850107066381156	0.0
SRR8960257	d__Bacteria	70.57772303446707	21.29352744131361
SRR8960257	d__Archaea	0.9925558312655087	0.0
SRR8960265	d__Bacteria	68.79821669847378	14.871325752198898
SRR8960265	d__Archaea	96.30895616705924	0.008617222956281955
SRR8960267	d__Bacteria	64.4353629507058	31.51686202310392
SRR8960267	d__Archaea	82.11893086539126	79.73962290213412
SRR8960268	d__Bacteria	67.07469336633154	19.13694531109118
SRR8960268	d__Archaea	2.4432809773123907	0.0
SRR8960285	d__Bacteria	54.924302964791785	19.85851100072763
SRR8960285	d__Archaea	30.706243602865918	0.511770726714432
SRR8960287	d__Bacteria	69.22935766644743	43.49402066185041
SRR8960287	d__Archaea	93.86601189403495	0.16444404397188683
SRR8960301	d__Bacteria	62.85663125223827	23.427241255819506
SRR8960301	d__Archaea	46.28658304827062	0.0
SRR8960303	d__Bacteria	54.80537574093981	25.220193490390024
SRR8960303	d__Archaea	48.92857142857142	0.0
SRR8960318	d__Bacteria	65.11492286448627	11.778569054343121
SRR8960318	d__Archaea	7.764705882352942	0.0
SRR8960319	d__Bacteria	54.94951166553012	22.804235370652
SRR8960319	d__Archaea	91.42343535645017	78.892095179526
SRR8960324	d__Bacteria	62.325834449058334	33.78354711549596
SRR8960324	d__Archaea	76.40354853331607	0.24606617885125948
SRR8960325	d__Bacteria	64.80401324345975	23.751838946371297
SRR8960325	d__Archaea	48.2432238634734	0.0
SRR8960326	d__Bacteria	51.03370309351377	19.528062691094284
SRR8960326	d__Archaea	74.93514314833688	0.33354952283887707
SRR8960327	d__Bacteria	75.0663623419646	12.136343414965923
SRR8960327	d__Archaea	0.39637599093997733	0.0
SRR8960330	d__Bacteria	73.55342766331617	43.09913521885739
SRR8960330	d__Archaea	94.80677166446958	85.03781308540901
SRR8960340	d__Bacteria	59.4781158467236	25.61351853655435
SRR8960340	d__Archaea	13.134404488650855	0.0
SRR8960349	d__Bacteria	68.70169408512014	6.728898562107036
SRR8960349	d__Archaea	84.15408494426414	78.15315769316051
SRR8960350	d__Bacteria	66.3892241795638	6.973107831708447
SRR8960350	d__Archaea	95.20948830381116	89.63086016728158
SRR8960352	d__Bacteria	67.43899673771523	27.92442617434937
SRR8960352	d__Archaea	7.12054965646471	0.0
SRR8960355	d__Bacteria	70.90960693602752	27.353336935097104
SRR8960355	d__Archaea	16.974708171206228	0.5836575875486382
SRR8960373	d__Bacteria	51.08963176074673	28.54974037173379
SRR8960373	d__Archaea	95.83188408559218	0.16342749870163284
SRR8960386	d__Bacteria	52.18482085791318	13.530976116837227
SRR8960386	d__Archaea	2.238209432454037	0.0
SRR8960389	d__Bacteria	69.51104473990387	24.268131346831893
SRR8960389	d__Archaea	67.61215385910276	0.9342647925258817
SRR8960391	d__Bacteria	52.716192878818404	23.216353027806488
SRR8960391	d__Archaea	4.8833189282627485	0.0
SRR8960392	d__Bacteria	62.17762146147099	20.424877183223895
SRR8960392	d__Archaea	39.81481481481482	1.5432098765432098
SRR8960393	d__Bacteria	67.98112441946762	32.39970902424307
SRR8960393	d__Archaea	27.411549628992365	1.5485536079148294
SRR8960394	d__Bacteria	73.89756668357428	47.32471557577112
SRR8960394	d__Archaea	94.98007930866784	0.00888481538288878
SRR8960403	d__Bacteria	65.95479225230082	14.957421761110776
SRR8960403	d__Archaea	22.277227722772277	11.386138613861387
SRR8960404	d__Bacteria	66.0982073791612	16.7771769920799
SRR8960404	d__Archaea	19.2090395480226	0.0
SRR8960410	d__Bacteria	67.83596839703247	16.93154932775888
SRR8960410	d__Archaea	10.164271047227926	0.0
SRR8960411	d__Bacteria	46.48485895505812	11.107785573098143
SRR8960411	d__Archaea	90.56122448979592	84.82469911041339
SRR8960412	d__Bacteria	74.07978082650361	34.327120579813176
SRR8960412	d__Archaea	28.421052631578945	0.0
SRR8960425	d__Bacteria	62.374205853168206	21.00186858078068
SRR8960425	d__Archaea	13.941825476429287	0.0
SRR8960429	d__Bacteria	68.78762564868411	17.762025037138027
SRR8960429	d__Archaea	158.968850698174	0.0
SRR8960431	d__Bacteria	82.57303986627488	64.58734652171728
SRR8960431	d__Archaea	6.5588773642464915	0.0
SRR8960434	d__Bacteria	51.195283398226344	9.816060236119037
SRR8960434	d__Archaea	5.141898077509918	0.0
SRR8960438	d__Bacteria	71.22978555057784	23.044251327738742
SRR8960438	d__Archaea	91.49861821763756	83.18329821873205
SRR8960440	d__Bacteria	52.697976754540974	19.07991550010083
SRR8960440	d__Archaea	86.63144724037258	80.11956068399833
SRR8960444	d__Bacteria	64.85681842554662	22.17555775714785
SRR8960444	d__Archaea	4.892966360856269	0.0
SRR8960445	d__Bacteria	61.48140814426753	20.03238195738187
SRR8960445	d__Archaea	17.543859649122805	0.1697792869269949
SRR8960448	d__Bacteria	70.81704364699365	26.69173816161739
SRR8960448	d__Archaea	55.69109337160283	0.20629652883666694
SRR8960451	d__Bacteria	59.865873990190366	13.908495317009084
SRR8960451	d__Archaea	3.606557377049181	1.405152224824356
SRR8960473	d__Bacteria	74.9822258391465	50.870604533951514
SRR8960473	d__Archaea	4.1187384044526905	0.0
SRR8960474	d__Bacteria	72.45253554855519	29.101958960497036
SRR8960474	d__Archaea	5.171898355754858	0.0
SRR8960477	d__Bacteria	64.2512792229678	26.34102399117566
SRR8960477	d__Archaea	28.38283828382838	0.0
SRR8960486	d__Bacteria	63.83216098584762	17.911028360721915
SRR8960486	d__Archaea	15.582959641255606	1.905829596412556
SRR8960490	d__Bacteria	71.11160360974135	34.34897495302452
SRR8960490	d__Archaea	94.63308792166607	0.0
SRR8960492	d__Bacteria	88.87937805517188	36.44202708152137
SRR8960492	d__Archaea	95.63621788850061	0.05761595210360851
SRR8960498	d__Bacteria	67.68649931759943	29.19698051306976
SRR8960498	d__Archaea	91.5121690132469	0.0
SRR8960500	d__Bacteria	73.29808494320885	41.82064345972159
SRR8960500	d__Archaea	95.12003314164542	89.39256700299819
SRR8960502	d__Bacteria	79.34103854229588	29.019501555006695
SRR8960502	d__Archaea	96.14727594411568	95.34500640595449
SRR8960512	d__Bacteria	52.03362229204021	12.728307535407039
SRR8960512	d__Archaea	87.37997931951351	0.19695701413166575
SRR8960514	d__Bacteria	71.03241964448613	34.113409196799196
SRR8960514	d__Archaea	94.84454661033274	0.10209454339981251
SRR8960520	d__Bacteria	72.14055138632655	36.90758206817314
SRR8960520	d__Archaea	91.69040413031867	79.93590884813958
SRR8960528	d__Bacteria	70.73086227093869	12.6411769858348
SRR8960528	d__Archaea	16.049382716049383	0.0
SRR8960530	d__Bacteria	73.4897839106804	23.57559377307287
SRR8960530	d__Archaea	9.670517757809156	0.0
SRR8960540	d__Bacteria	82.37584692815759	46.72068696718545
SRR8960540	d__Archaea	88.8695652173913	78.66039952996474
SRR8960549	d__Bacteria	60.44162581563168	26.264237027009578
SRR8960549	d__Archaea	91.51441331709297	0.535931790499391
SRR8960550	d__Bacteria	66.39587183544957	28.516803770772388
SRR8960550	d__Archaea	12.368073878627968	0.13192612137203166
SRR8960558	d__Bacteria	73.1863085043058	37.29874095232688
SRR8960558	d__Archaea	94.66165170788403	0.027442371020856202
SRR8960562	d__Bacteria	59.91454913424781	27.77592479699895
SRR8960562	d__Archaea	25.02776749352092	39.8741206960385
SRR8960565	d__Bacteria	66.00767755545203	14.650046235320206
SRR8960565	d__Archaea	5.357142857142857	0.0
SRR8960570	d__Bacteria	71.7643736868504	18.52384543811554
SRR8960570	d__Archaea	9.403669724770642	0.0
SRR8960575	d__Bacteria	67.1580592051225	18.947939064502116
SRR8960575	d__Archaea	1.5974440894568689	0.0
SRR8960580	d__Bacteria	68.6299095331593	35.44242309159347
SRR8960580	d__Archaea	4.553191489361702	0.574468085106383
SRR8960587	d__Bacteria	60.6919610983502	30.77889134174459
SRR8960587	d__Archaea	0.7159904534606205	0.0
SRR8960591	d__Bacteria	67.7879641414263	33.49407407014712
SRR8960591	d__Archaea	50.18526142445451	1.0978454782489366
SRR8960592	d__Bacteria	84.50020876530961	28.514521027579185
SRR8960592	d__Archaea	113.10116086235489	1.658374792703151
SRR8960594	d__Bacteria	68.85972208912314	12.604849065644466
SRR8960594	d__Archaea	8.50246845858475	0.0
SRR8960595	d__Bacteria	72.32261633915893	28.44522074710585
SRR8960595	d__Archaea	31.67701863354037	0.0
SRR8960596	d__Bacteria	73.13519229512345	24.514498594801857
SRR8960596	d__Archaea	36.41304347826087	0.0
SRR8960598	d__Bacteria	74.64688063772913	25.479223026125
SRR8960598	d__Archaea	24.867275430027608	0.8282013166277342
SRR8960600	d__Bacteria	79.43842573842453	22.65138352504119
SRR8960600	d__Archaea	32.30769230769231	0.0
SRR8960604	d__Bacteria	43.681789498582106	8.788411568962145
SRR8960604	d__Archaea	23.3497144375083	0.0
SRR8960611	d__Bacteria	68.84893978107267	32.82303538430749
SRR8960611	d__Archaea	95.7794197818715	85.9885853679571
SRR8960615	d__Bacteria	72.54857010073196	44.406333508653354
SRR8960615	d__Archaea	94.06180173306447	88.10943375660798
SRR8960616	d__Bacteria	87.57155118676997	33.00634656506084
SRR8960616	d__Archaea	93.53442853908275	0.2163576442174646
SRR8960621	d__Bacteria	65.28282375910793	36.375473008332996
SRR8960621	d__Archaea	96.25387339530765	80.40101498766838
SRR8960624	d__Bacteria	56.8513603112915	27.528253020991194
SRR8960624	d__Archaea	0.0	0.0
SRR8960631	d__Bacteria	71.35602035958196	44.37344222971762
SRR8960631	d__Archaea	88.42101528965199	1.2912838341196922
SRR8960633	d__Bacteria	46.8808790801639	21.899099810601903
SRR8960633	d__Archaea	81.53773844460748	75.8185069699193
SRR8960634	d__Bacteria	70.08469405372753	40.8371835263644
SRR8960634	d__Archaea	93.76077165856945	0.0758892159296429
SRR8960636	d__Bacteria	72.2256804148349	31.62671527897425
SRR8960636	d__Archaea	90.764654069236	0.5301557228565256
SRR8960639	d__Bacteria	56.7208762941106	24.65701222497335
SRR8960639	d__Archaea	62.57386736703874	45.84883636098344
SRR8960643	d__Bacteria	49.47718770331815	21.698926480156146
SRR8960643	d__Archaea	84.39441820828748	79.38962468487021
SRR8960652	d__Bacteria	75.57123421980879	39.12240090968161
SRR8960652	d__Archaea	91.66167730253069	82.86628017348384
SRR8960663	d__Bacteria	78.44207100977714	49.899326807444346
SRR8960663	d__Archaea	91.76224899598392	0.0
SRR8960665	d__Bacteria	70.3994156454352	23.46585789482584
SRR8960665	d__Archaea	18.977396349570892	0.0
SRR8960666	d__Bacteria	76.18999859587187	25.7637154727436
SRR8960666	d__Archaea	51.231527093596064	15.763546798029557
SRR8960667	d__Bacteria	55.3009538652536	8.743747743106503
SRR8960667	d__Archaea	3.948942959712804	0.33905065815715996
SRR8960668	d__Bacteria	65.1493965492001	24.200005145945216
SRR8960668	d__Archaea	9.6	4.0
SRR8960669	d__Bacteria	80.7746929227262	27.516873925188122
SRR8960669	d__Archaea	0.0	0.0
SRR8960671	d__Bacteria	69.10139711124388	31.221739604847443
SRR8960671	d__Archaea	97.37389447437774	0.014195165003363637
SRR8960673	d__Bacteria	78.4541727040385	25.114121463176403
SRR8960673	d__Archaea	75.08106843178551	70.738474910574
SRR8960674	d__Bacteria	75.4241279620677	34.806873371954325
SRR8960674	d__Archaea	91.45010069474556	84.86880775494079
SRR8960679	d__Bacteria	61.793552945732245	30.474709286609645
SRR8960679	d__Archaea	11.121573550952082	0.0
SRR8960682	d__Bacteria	69.95070621779892	40.154371261932
SRR8960682	d__Archaea	41.81133461927069	0.26637273812804263
SRR8960686	d__Bacteria	65.35405474177458	44.099439715392705
SRR8960686	d__Archaea	93.89538762620647	0.971845394297914
SRR8960688	d__Bacteria	83.03251009986734	35.137389790254026
SRR8960688	d__Archaea	96.2681174820419	89.26509967271645
SRR8960690	d__Bacteria	79.83809034957187	42.24549198377303
SRR8960690	d__Archaea	95.52558946455328	89.60413216623294
SRR8960700	d__Bacteria	76.07306036727863	24.414169925475523
SRR8960700	d__Archaea	13.88888888888889	0.0
SRR8960702	d__Bacteria	67.61579270801542	24.054942246060648
SRR8960702	d__Archaea	24.603960396039604	0.0
SRR8960705	d__Bacteria	70.91977953396831	35.00368329934554
SRR8960705	d__Archaea	88.47565451431367	80.96403229752876
SRR8960706	d__Bacteria	64.67566352763191	27.82095442735455
SRR8960706	d__Archaea	86.34865272963144	0.0
SRR8960709	d__Bacteria	60.877596625859695	15.996505445706985
SRR8960709	d__Archaea	94.79774485286868	0.13534468077478107
SRR8960710	d__Bacteria	64.10848220153281	30.30516275131272
SRR8960710	d__Archaea	71.98941946262008	54.19741055269386
SRR8960712	d__Bacteria	70.28799531653517	37.62970412022152
SRR8960712	d__Archaea	93.35842525309414	64.27148724570392
SRR8960715	d__Bacteria	58.29139307573129	30.5840502537712
SRR8960715	d__Archaea	76.46071326208902	0.18561738252193968
SRR8960717	d__Bacteria	50.54466969012721	20.174848127325102
SRR8960717	d__Archaea	0.16369961121342336	0.5729486392469818
SRR8960721	d__Bacteria	63.20254874943082	32.65932279561504
SRR8960721	d__Archaea	2.5111169238817683	0.0
SRR8960722	d__Bacteria	69.64464589868713	20.68298333501251
SRR8960722	d__Archaea	35.4120267260579	0.0
SRR8960729	d__Bacteria	58.42077317893353	34.609455422835616
SRR8960729	d__Archaea	56.29834254143646	1.376192867905575
SRR8960731	d__Bacteria	64.59427091331811	18.829657612353223
SRR8960731	d__Archaea	49.31506849315068	0.0
SRR8960733	d__Bacteria	73.77460448682648	26.306395211181194
SRR8960733	d__Archaea	4.017857142857143	0.6138392857142857
SRR8960742	d__Bacteria	57.585119244794	23.13056565024791
SRR8960742	d__Archaea	84.58278532807249	0.0
SRR8960761	d__Bacteria	72.18213899295952	28.959642162757504
SRR8960761	d__Archaea	3.9119804400977993	0.0
SRR8960777	d__Bacteria	82.22301179332105	57.07337781592329
SRR8960777	d__Archaea	95.60758778000897	89.98888737254596
SRR8960781	d__Bacteria	87.0245110175786	63.184649665758855
SRR8960781	d__Archaea	95.82621644111593	88.62063679761748
SRR8960790	d__Bacteria	78.79712268467378	37.396822251501085
SRR8960790	d__Archaea	29.146039603960393	0.0
SRR8960794	d__Bacteria	67.77174205637476	36.8504775774436
SRR8960794	d__Archaea	0.0	0.0
SRR8960796	d__Bacteria	61.53845314969617	6.030174500860072
SRR8960796	d__Archaea	5.89491670226399	1.644596326356258
SRR8960801	d__Bacteria	62.77019387008439	25.25274709989198
SRR8960801	d__Archaea	86.42048566733614	0.0
SRR8960804	d__Bacteria	62.317385787694924	25.700299656563715
SRR8960804	d__Archaea	68.31284916201116	0.0
SRR8960805	d__Bacteria	75.85939989492994	21.740567378329732
SRR8960805	d__Archaea	10.063559322033898	0.5296610169491525
SRR8960819	d__Bacteria	74.6952156865582	25.566547966115184
SRR8960819	d__Archaea	15.584731339654754	0.2674446875759786
SRR8960824	d__Bacteria	75.26278291079393	46.983270961252785
SRR8960824	d__Archaea	93.72258951364797	85.30732473653204
SRR8960827	d__Bacteria	56.05548774406868	33.14225944752913
SRR8960827	d__Archaea	56.16268239677119	0.05821173548587395
SRR8960830	d__Bacteria	60.478489789769995	24.47424847246674
SRR8960830	d__Archaea	91.28597388327769	0.10565017115327727
SRR8960831	d__Bacteria	67.60042215847022	36.826498994374624
SRR8960831	d__Archaea	86.18401611820013	0.0241773002014775
SRR8960842	d__Bacteria	64.92608769424037	22.553031491891833
SRR8960842	d__Archaea	90.8485997052011	0.47167824805222147
SRR8960857	d__Bacteria	83.85010367917647	23.021571825491144
SRR8960857	d__Archaea	94.24816664229154	81.21409021582433
SRR8960862	d__Bacteria	84.69779206040876	38.05192273454696
SRR8960862	d__Archaea	91.16982329073102	83.37320416066402
SRR8960864	d__Bacteria	65.0265151660116	37.627722901951074
SRR8960864	d__Archaea	82.15734248509827	18.00850588679617
SRR8960872	d__Bacteria	64.88961696741349	9.908778365411086
SRR8960872	d__Archaea	28.3890511738613	0.11900897976847344
SRR8960888	d__Bacteria	61.053637300104135	28.2493903744084
SRR8960888	d__Archaea	7.0969172765579955	0.0
SRR8960896	d__Bacteria	64.16396123689485	32.222820117234384
SRR8960896	d__Archaea	1.9002375296912115	0.0
SRR8960901	d__Bacteria	71.29640772891071	26.938665941673374
SRR8960901	d__Archaea	11.994342291371995	0.0
SRR8960911	d__Bacteria	37.885917227631786	16.905735404110807
SRR8960911	d__Archaea	50.92332789559543	0.0
SRR8960913	d__Bacteria	56.24655053138577	25.02798531464046
SRR8960913	d__Archaea	10.133669256071103	0.0
SRR8960915	d__Bacteria	61.059773441042445	15.85017640596092
SRR8960915	d__Archaea	12.911457004337842	0.0
SRR8960916	d__Bacteria	64.40626644044056	34.00783897122383
SRR8960916	d__Archaea	32.52699193658603	0.0
SRR8960918	d__Bacteria	66.93756847358172	21.358066458303277
SRR8960918	d__Archaea	8.409823865045894	0.0
SRR8960921	d__Bacteria	61.38627718817528	18.17948654362185
SRR8960921	d__Archaea	17.098609355246523	0.37926675094816686
SRR8960922	d__Bacteria	64.50517333024173	20.25706464553721
SRR8960922	d__Archaea	94.83968735045461	88.49896315201786
SRR8960927	d__Bacteria	78.67184074881463	22.307374885896483
SRR8960927	d__Archaea	87.6879723325221	0.0
SRR8960944	d__Bacteria	62.48783588051163	13.398050206660544
SRR8960944	d__Archaea	19.22077922077922	0.0
SRR8960959	d__Bacteria	63.40644622792362	19.178913968349637
SRR8960959	d__Archaea	91.99235344095158	80.1371525670591
SRR8960960	d__Bacteria	63.966079796224875	20.534356850126386
SRR8960960	d__Archaea	92.10890325326524	29.300667677493152
SRR8960962	d__Bacteria	48.06803874525449	13.378477684024123
SRR8960962	d__Archaea	57.48945876823115	0.20045621068638972
SRR8960970	d__Bacteria	54.7016386248549	20.297071357280096
SRR8960970	d__Archaea	3.9373138194534385	0.0
SRR8960976	d__Bacteria	70.6090379350816	22.612676266142522
SRR8960976	d__Archaea	12.857142857142856	0.0
SRR8960980	d__Bacteria	84.03052486193158	26.05267196388894
SRR8960980	d__Archaea	95.44459644322846	0.8632010943912449
SRR8960985	d__Bacteria	77.01252295715615	53.85654911412621
SRR8960985	d__Archaea	94.30441635774541	0.292623836072273
SRR8960986	d__Bacteria	66.26302620985608	20.57106979427686
SRR8960986	d__Archaea	79.96467035158699	0.06837996467035158
